dataset_key,method_key,macro_f1_mean,macro_f1_std,weighted_f1_mean,accuracy_mean
iltur_cl,category_lora,0.509768680734534,0.042751793522313244,0.5882683116993525,0.597144132083891
iltur_cl,frozen,0.19032774415237338,0.07908592237554238,0.2998145905631572,0.37394020526550653
iltur_cl,full_ft,0.5171646522814054,0.02166447846375311,0.5822013293355387,0.5879518072289157
iltur_cl,role_adapter,0.509340967809773,0.04294362863282195,0.5934755375250121,0.6024096385542168
iltur_cl,shared_lora,0.4554949418465668,0.08711491431458505,0.5726873949044574,0.5855421686746988
iltur_cl,shared_lora_widehead,0.48335068127193215,0.06305045556871641,0.5813923197713761,0.5921463632307006
iltur_it,category_lora,0.5732395683848558,0.0858590903610073,0.5869662990103962,0.6048410615339749
iltur_it,frozen,0.2073081072509209,0.09638019803125202,0.24915237544904442,0.32604257801108194
iltur_it,full_ft,0.6379298502178962,0.011123041893441052,0.6419336610879299,0.6475648877223681
iltur_it,role_adapter,0.5693492773229663,0.09223747743773875,0.5814483164335139,0.6016331291921843
iltur_it,shared_lora,0.4747402376652121,0.11020873267246974,0.5229474971836993,0.5647419072615922
iltur_it,shared_lora_widehead,0.5656137480423008,0.11649240938379296,0.5850154195732779,0.6064450277048702
legaleval,category_lora,0.7223405396427082,0.041403753411504776,0.7937759098407174,0.7970234893311816
legaleval,frozen,0.2409250401408507,0.09055058900676638,0.44032473210425155,0.551371705217859
legaleval,full_ft,0.7508809762941405,0.009017859375111903,0.8087350025866021,0.8110692726077341
legaleval,role_adapter,0.7283876190028128,0.03564343833496344,0.7960456385512251,0.7994740302432609
legaleval,shared_lora,0.6559005331072733,0.1104205509527964,0.7652352128671666,0.7758651604805452
legaleval,shared_lora_widehead,0.6903708270654882,0.07804984788130145,0.7791518796777382,0.7859064012910166
marro_india,category_lora,0.5368392776837938,0.021541146998410404,0.5822962449051147,0.6201610808002078
marro_india,frozen,0.15473086986577875,0.039733361370395306,0.29451690285258947,0.4150861695678531
marro_india,full_ft,0.5679459348172238,0.021066599759745848,0.6057340321847842,0.6336277821079068
marro_india,role_adapter,0.5425827140091907,0.0205422709289944,0.5861853100717098,0.6231921711266996
marro_india,shared_lora,0.5156222422511402,0.03712172760709541,0.5706523417565509,0.6137524898241967
marro_india,shared_lora_widehead,0.5364257682955063,0.028006173016782872,0.5822915067798659,0.6207672988655063
marro_uk,category_lora,0.438973515152738,0.062572591527348,0.7016992287536629,0.7017973856209151
marro_uk,frozen,0.14024690739555004,0.02153252690874591,0.5992910605727522,0.7074142156862745
marro_uk,full_ft,0.45384089197331967,0.012425927959039447,0.6763708074880866,0.6561989379084967
marro_uk,role_adapter,0.4417203257707976,0.0679891083562217,0.699130568369165,0.6971507352941178
marro_uk,shared_lora,0.37839398621145226,0.08904449007571648,0.6848777423024422,0.6942912581699345
marro_uk,shared_lora_widehead,0.44394442857335875,0.05389720961063819,0.7013426994241435,0.7018484477124183
