model_key,method_key,macro_f1_mean,macro_f1_std,weighted_f1_mean,accuracy_mean
deberta,category_lora,0.5050671369681962,0.1145446404715134,0.6261518749961492,0.6464066098541104
deberta,frozen,0.15729445428872285,0.0419372171051362,0.34782393386010735,0.45890388057838327
deberta,full_ft,0.5762374356900577,0.11790299437590691,0.6580742861521488,0.6619705526579998
deberta,role_adapter,0.5049096633019524,0.1216472875430215,0.625795342126146,0.6466694233132285
deberta,shared_lora,0.4135514884246388,0.10020419449650922,0.5843500069147274,0.6161067980181961
deberta,shared_lora_widehead,0.4733643836857463,0.09131193359598205,0.6114804309377716,0.6356596866262127
inlegalbert,category_lora,0.6004369350302465,0.10709566916960062,0.6782414821760645,0.6871548988757993
inlegalbert,frozen,0.25883004530033343,0.07537705818876671,0.4473626132069678,0.5186100479278921
inlegalbert,full_ft,0.6016042839338193,0.1115559806493229,0.6752492929962667,0.679137695947513
inlegalbert,role_adapter,0.6037975797300781,0.10641922923259878,0.6790091088955823,0.6868434885607168
inlegalbert,shared_lora,0.5774357803085318,0.10645835343918739,0.6689587774162797,0.6825467635425122
inlegalbert,shared_lora_widehead,0.5987123135699454,0.10400607117521021,0.6799010758208979,0.6891736895297841
legalbert,category_lora,0.5631928769607351,0.10200719203876768,0.6474102393533324,0.6590187808921927
legalbert,frozen,0.143998701694228,0.02252524552118281,0.3346732498580017,0.44679899574286974
legalbert,full_ft,0.5788156637265145,0.11450752758591155,0.6556613204613495,0.6607393639397401
legalbert,role_adapter,0.5661212993172937,0.09974065692578128,0.6489667715486472,0.6608029107723423
legalbert,shared_lora,0.497103895915816,0.11773853183014411,0.6165313290775828,0.6418622290858722
legalbert,shared_lora_widehead,0.5597465746934601,0.10463568838028395,0.6461347883771713,0.6594347471267102
