model_key,method_key,runs,parameters_total,parameters_trainable,trainable_pct,train_seconds_mean,train_seconds_std,peak_vram_gb_mean,peak_vram_gb_max
deberta,category_lora,15,184217863.0,386311.0,0.20970333370982597,273.0703892072042,140.02007520599028,8.289217472076416,8.289217472076416
deberta,frozen,15,184427527.0,595975.0,0.3231486154450252,137.99845519065858,63.24985533258507,2.0340315818786623,2.034109115600586
deberta,full_ft,15,184427527.0,184427527.0,100.0,352.3632405281067,179.92924099989403,10.532525539398193,10.532525539398193
deberta,role_adapter,15,184217863.0,386311.0,0.20970333370982597,265.0331890424093,138.61105057322902,8.289217472076416,8.289217472076416
deberta,shared_lora,15,184727822.0,300295.0,0.1625607863227013,270.18890093167624,143.90556441701634,8.29047679901123,8.29047679901123
deberta,shared_lora_widehead,15,184218039.0,386487.0,0.209798672322204,274.2615580240885,139.7298113151192,8.289220333099365,8.289220333099365
inlegalbert,category_lora,15,109868551.0,386311.0,0.3516119913149669,170.34773529370625,91.34615937028546,3.0377917289733887,3.0377917289733887
inlegalbert,frozen,15,109487623.0,5383.0,0.004916537461042514,80.52437505722045,39.70708598431275,0.7916018486022949,0.7916774749755859
inlegalbert,full_ft,15,109487623.0,109487623.0,100.0,237.4713238875071,130.64031366275472,4.546538829803467,4.546538829803467
inlegalbert,role_adapter,15,109868551.0,386311.0,0.3516119913149669,167.95674695968628,91.19368126520791,3.0377917289733887,3.0377917289733887
inlegalbert,shared_lora,15,109787918.0,300295.0,0.27352281149916696,168.24090054829915,91.36964224378484,3.036850929260254,3.036850929260254
inlegalbert,shared_lora_widehead,15,109868727.0,386487.0,0.35177161923428857,171.3679968992869,91.18349130697888,3.037794589996338,3.037794589996338
legalbert,category_lora,15,109868551.0,386311.0,0.3516119913149669,166.6127635637919,89.88166031768061,3.0377917289733887,3.0377917289733887
legalbert,frozen,15,109487623.0,5383.0,0.004916537461042514,75.4589423497518,36.14413130360212,0.7916018486022949,0.7916774749755859
legalbert,full_ft,15,109487623.0,109487623.0,100.0,228.60354940096536,125.46844645599327,4.546538829803467,4.546538829803467
legalbert,role_adapter,15,109868551.0,386311.0,0.3516119913149669,163.69956986109415,90.87662724458765,3.0377917289733887,3.0377917289733887
legalbert,shared_lora,15,109787918.0,300295.0,0.27352281149916696,163.98129289944967,89.55031278990475,3.036850929260254,3.036850929260254
legalbert,shared_lora_widehead,15,109868727.0,386487.0,0.35177161923428857,167.23489287694295,89.45427263959596,3.037794589996338,3.037794589996338
