method_a,method_b,mean_delta_a_minus_b,median_delta_a_minus_b,wins_a,ties,losses_a,wilcoxon_stat,p_raw,p_holm
frozen,full_ft,-0.3988447273557024,-0.394376252608302,0,0,15,0.0,6.103515625e-05,0.00091552734375
frozen,shared_lora,-0.30932265445523416,-0.28695125048177267,0,0,15,0.0,6.103515625e-05,0.00091552734375
frozen,shared_lora_widehead,-0.3572333568886225,-0.35130902127547703,0,0,15,0.0,6.103515625e-05,0.00091552734375
frozen,category_lora,-0.3695245825586311,-0.36495424898092876,0,0,15,0.0,6.103515625e-05,0.00091552734375
frozen,role_adapter,-0.37156844702201325,-0.36983638812680864,0,0,15,0.0,6.103515625e-05,0.00091552734375
full_ft,shared_lora,0.08952207290046822,0.04799667935405605,15,0,0,0.0,6.103515625e-05,0.00091552734375
shared_lora,shared_lora_widehead,-0.047910702433388346,-0.033774515058435484,0,0,15,0.0,6.103515625e-05,0.00091552734375
shared_lora,category_lora,-0.06020192810339706,-0.04219713054934493,0,0,15,0.0,6.103515625e-05,0.00091552734375
shared_lora,role_adapter,-0.06224579256677914,-0.04609892779355795,0,0,15,0.0,6.103515625e-05,0.00091552734375
full_ft,shared_lora_widehead,0.04161137046707986,0.02396747815517708,12,0,3,11.0,0.00335693359375,0.0201416015625
full_ft,category_lora,0.029320144797071172,0.02942200362737324,11,0,4,16.0,0.01025390625,0.05126953125
full_ft,role_adapter,0.02727628033368907,0.020102724968818375,11,0,4,22.0,0.0301513671875,0.12060546875
shared_lora_widehead,role_adapter,-0.0143350901333908,-0.009406258935045653,3,0,12,26.0,0.05535888671875,0.16607666015625
shared_lora_widehead,category_lora,-0.012291225670008699,-0.0065411851726159265,5,0,10,35.0,0.1688232421875,0.337646484375
category_lora,role_adapter,-0.002043864463382102,-0.0028650737624297262,5,0,10,38.0,0.22930908203125,0.337646484375
