model_key,dataset_key,method_key,n,macro_f1_mean,macro_f1_std,weighted_f1_mean,weighted_f1_std,accuracy_mean,accuracy_std,macro_precision_mean,macro_recall_mean,train_seconds_mean,train_seconds_std,peak_vram_gb_mean,parameters_total,parameters_trainable,trainable_pct
deberta,iltur_cl,full_ft,3,0.4971136336897641,0.023218868172947032,0.566210564935781,0.005021429972798395,0.5718875502008032,0.007662162260377041,0.5299495371026319,0.5236658015966316,255.69559852282205,0.6247943332841293,10.532525539398193,184427527,184427527,100.0
deberta,iltur_it,full_ft,3,0.6278872001798845,0.01891054526530238,0.6312663323351771,0.012473066368898219,0.6356080489938758,0.010688356712922663,0.6598715146690255,0.62260130163377,174.98543985684714,1.2695915074053177,10.532525539398193,184427527,184427527,100.0
deberta,legaleval,full_ft,3,0.7460058216568388,0.006949510948301868,0.8054376501293398,0.0021740962727665692,0.8076026537564999,0.0020365459371706534,0.7648797105195717,0.7374053395003531,314.45789011319476,3.186747832038677,10.532525539398193,184427527,184427527,100.0
deberta,marro_india,full_ft,3,0.5672635854896332,0.012437383041934164,0.6108046625203447,0.009933669916488315,0.6400363730839179,0.008717120846873259,0.7210708750294698,0.5423207835398591,681.5749000708262,12.826007685217686,10.532525539398193,184427527,184427527,100.0
deberta,marro_uk,full_ft,3,0.442916937434168,0.016354080172737758,0.6766522208401015,0.006638364615772197,0.6547181372549019,0.007328966736461803,0.4182529505254618,0.5156858561442955,335.10237407684326,7.821618118827498,10.532525539398193,184427527,184427527,100.0
inlegalbert,iltur_cl,category_lora,3,0.5526060304198688,0.013873873908221227,0.6193465727024462,0.00886568016378649,0.6246318607764391,0.00958261320919586,0.5503961527797449,0.5890900502097268,118.6471761862437,1.4193614179283456,3.0377917289733887,109868551,386311,0.3516119913149669
inlegalbert,iltur_it,shared_lora_widehead,3,0.6517267665572776,0.006187267322788951,0.6493344245541631,0.006947860458241829,0.6548556430446194,0.006819097667593993,0.6938371855532507,0.6627418158579795,80.87934835751851,0.1643295521050739,3.037794589996338,109868727,386487,0.35177161923428857
inlegalbert,legaleval,role_adapter,3,0.7644290893256479,0.0067663353970137344,0.8189482548762829,0.005932894924682116,0.8208714362560516,0.005667376951507672,0.779650489577223,0.7533362753546328,153.3346745967865,4.24370220814578,3.0377917289733887,109868551,386311,0.3516119913149669
inlegalbert,marro_india,full_ft,3,0.5893454195980175,0.009526093082067873,0.6211024152857493,0.0031543441912227892,0.6474408937386334,0.0022835016668286217,0.7468938376181287,0.5571539055644945,475.6758596102397,5.91193004649469,4.546538829803467,109487623,109487623,100.0
inlegalbert,marro_uk,role_adapter,3,0.48944677011305426,0.008314344930550109,0.7021669371775947,0.002232710088882444,0.6953125,0.0027573529411765163,0.4841048980963831,0.525211143865262,157.63596336046854,0.29099476191611284,3.0377917289733887,109868551,386311,0.3516119913149669
legalbert,iltur_cl,full_ft,3,0.514235736959179,0.019042952701226457,0.5766394888267059,0.010219589431279522,0.5823293172690763,0.0097384382754877,0.5080883805401174,0.5486242642208049,158.55957667032877,7.12377574932083,4.546538829803467,109487623,109487623,100.0
legalbert,iltur_it,full_ft,3,0.6360171326841221,0.019520948653632766,0.6402160162145089,0.02081206549436671,0.6478565179352581,0.01921276575327887,0.6771204106966731,0.6441898299161587,104.73214038213094,2.163097725689759,4.546538829803467,109487623,109487623,100.0
legalbert,legaleval,full_ft,3,0.7453500883806347,0.008631578244217071,0.8050960622690106,0.004213209245747913,0.8092164246010399,0.0016433837887595128,0.7774671126290778,0.7248680161705914,202.9661080042521,3.3224767450710555,4.546538829803467,109487623,109487623,100.0
legalbert,marro_india,full_ft,3,0.5472287993640207,0.013361301945780208,0.5852950187482585,0.005417410958120758,0.6134060795011691,0.004494373575475783,0.7325290029897663,0.5123166943547018,457.50356181462604,1.7945649390881313,4.546538829803467,109487623,109487623,100.0
legalbert,marro_uk,role_adapter,3,0.4718400521844601,0.005715873665175505,0.7083661551735064,0.004262277761691371,0.7038909313725491,0.0035099384918473218,0.46960106495748505,0.5084191394238672,157.05675172805786,1.2463686631654294,3.0377917289733887,109868551,386311,0.3516119913149669
