model_key,dataset_key,method_key,label,f1_mean,f1_std,precision_mean,recall_mean,support_mean
deberta,iltur_cl,category_lora,ARG,0.6579552165690331,0.03953618940850235,0.6570445606483614,0.6599326599326599,198.0
deberta,iltur_cl,category_lora,FAC,0.6357002481695034,0.020413247772934996,0.524985754985755,0.8095238095238096,245.0
deberta,iltur_cl,category_lora,PRE,0.4758875390663329,0.0180608663271276,0.5954395629715225,0.39759036144578314,249.0
deberta,iltur_cl,category_lora,RATIO,0.57711799819783,0.01293640750184821,0.5883900480176035,0.5673595073133179,433.0
deberta,iltur_cl,category_lora,RLC,0.0,0.0,0.0,0.0,23.0
deberta,iltur_cl,category_lora,RPC,0.28140096618357485,0.29220814202152223,0.28535353535353536,0.2777777777777778,12.0
deberta,iltur_cl,category_lora,STA,0.6416587527698638,0.033212353588789774,0.6953234558868361,0.596078431372549,85.0
deberta,iltur_cl,frozen,ARG,0.009966832504145937,0.009950290215502349,0.38888888888888884,0.005050505050505051,198.0
deberta,iltur_cl,frozen,FAC,0.4322922779151784,0.021168036992244267,0.30996685309196265,0.7156462585034014,245.0
deberta,iltur_cl,frozen,PRE,0.0026666666666666666,0.004618802153517006,0.3333333333333333,0.0013386880856760374,249.0
deberta,iltur_cl,frozen,RATIO,0.4465584283649237,0.019294662080669402,0.3688015448149791,0.5665896843725943,433.0
deberta,iltur_cl,frozen,RLC,0.0,0.0,0.0,0.0,23.0
deberta,iltur_cl,frozen,RPC,0.0,0.0,0.0,0.0,12.0
deberta,iltur_cl,frozen,STA,0.1258955680493183,0.0020073808758756893,0.5888888888888889,0.07058823529411765,85.0
deberta,iltur_cl,full_ft,ARG,0.6307055743075498,0.018721203105178223,0.5518506908340809,0.7373737373737373,198.0
deberta,iltur_cl,full_ft,FAC,0.6349312789268385,0.011738956225683739,0.5619945533783928,0.7306122448979592,245.0
deberta,iltur_cl,full_ft,PRE,0.5003396325585961,0.004739340466063993,0.581672969861169,0.43908969210174026,249.0
deberta,iltur_cl,full_ft,RATIO,0.5378864172784469,0.010102429795233937,0.5994722568377977,0.4880677444187837,433.0
deberta,iltur_cl,full_ft,RLC,0.10842105263157893,0.01036721873873274,0.10566448801742918,0.11594202898550725,23.0
deberta,iltur_cl,full_ft,RPC,0.3592775467775468,0.17958692008571212,0.57,0.47222222222222227,12.0
deberta,iltur_cl,full_ft,STA,0.7082339333477915,0.03216035129795757,0.7389918007895536,0.6823529411764705,85.0
deberta,iltur_cl,role_adapter,ARG,0.6548764581213907,0.01902698787090787,0.6532182210428149,0.6599326599326599,198.0
deberta,iltur_cl,role_adapter,FAC,0.6414050491471687,0.02431932130329167,0.5319101590211102,0.8095238095238096,245.0
deberta,iltur_cl,role_adapter,PRE,0.4757271372132053,0.02645135590050741,0.6002025294607712,0.3949129852744311,249.0
deberta,iltur_cl,role_adapter,RATIO,0.5839453962384434,0.022068925566389144,0.5907806544232925,0.5781370284834488,433.0
deberta,iltur_cl,role_adapter,RLC,0.0,0.0,0.0,0.0,23.0
deberta,iltur_cl,role_adapter,RPC,0.2467948717948718,0.32526919514406016,0.2738095238095238,0.25,12.0
deberta,iltur_cl,role_adapter,STA,0.6475414977803512,0.035853923960426276,0.6884259259259259,0.611764705882353,85.0
deberta,iltur_cl,shared_lora,ARG,0.528289216885561,0.022185761440938357,0.5530660288664756,0.5084175084175084,198.0
deberta,iltur_cl,shared_lora,FAC,0.61152560279695,0.008592026793564873,0.5119714092533565,0.7619047619047619,245.0
deberta,iltur_cl,shared_lora,PRE,0.4564930482932051,0.017084833750431315,0.4792639474917955,0.44712182061579653,249.0
deberta,iltur_cl,shared_lora,RATIO,0.5255599610974185,0.002270604926375759,0.5425814562949339,0.5119322555812164,433.0
deberta,iltur_cl,shared_lora,RLC,0.0,0.0,0.0,0.0,23.0
deberta,iltur_cl,shared_lora,RPC,0.0,0.0,0.0,0.0,12.0
deberta,iltur_cl,shared_lora,STA,0.4124103361852908,0.35716385055920974,0.48696941323345816,0.37254901960784315,85.0
deberta,iltur_cl,shared_lora_widehead,ARG,0.6015117297877489,0.032889706586670814,0.5900962256268573,0.6144781144781145,198.0
deberta,iltur_cl,shared_lora_widehead,FAC,0.6270541705190749,0.024420836741666712,0.5352613941714132,0.7578231292517007,245.0
deberta,iltur_cl,shared_lora_widehead,PRE,0.4876184980849632,0.011991110307555425,0.5719903215567697,0.428380187416332,249.0
deberta,iltur_cl,shared_lora_widehead,RATIO,0.5603516966577271,0.0012348962998918376,0.5651270727692529,0.5558121632024634,433.0
deberta,iltur_cl,shared_lora_widehead,RLC,0.0,0.0,0.0,0.0,23.0
deberta,iltur_cl,shared_lora_widehead,RPC,0.0,0.0,0.0,0.0,12.0
deberta,iltur_cl,shared_lora_widehead,STA,0.6297100068009441,0.010307367536746034,0.6630327245053272,0.6,85.0
deberta,iltur_it,category_lora,ARG,0.5651385109682328,0.02607459231859686,0.5940449736558914,0.5451713395638629,107.0
deberta,iltur_it,category_lora,FAC,0.6655976976050981,0.015814969257575025,0.572903855871087,0.8040712468193384,131.0
deberta,iltur_it,category_lora,PRE,0.48055066284398046,0.019632540113021964,0.5990075042362624,0.40375586854460094,142.0
deberta,iltur_it,category_lora,RATIO,0.5602264972416472,0.004553704940752344,0.4654339574461293,0.7063492063492064,168.0
deberta,iltur_it,category_lora,RLC,0.08955633212970042,0.11958598193279088,0.6728395061728395,0.05555555555555555,96.0
deberta,iltur_it,category_lora,RPC,0.2515477354187032,0.2301660154452056,0.37222222222222223,0.19047619047619047,21.0
deberta,iltur_it,category_lora,STA,0.7316664003453432,0.02062491792388385,0.7019664910990934,0.7663230240549828,97.0
deberta,iltur_it,frozen,ARG,0.01797391546095176,0.000511402791208021,0.3194444444444444,0.009345794392523364,107.0
deberta,iltur_it,frozen,FAC,0.23487441417305668,0.13695098913768441,0.35078287115638557,0.19592875318066158,131.0
deberta,iltur_it,frozen,PRE,0.0,0.0,0.0,0.0,142.0
deberta,iltur_it,frozen,RATIO,0.40125201398846816,0.019164617877909573,0.25208026902867037,0.9861111111111112,168.0
deberta,iltur_it,frozen,RLC,0.0,0.0,0.0,0.0,96.0
deberta,iltur_it,frozen,RPC,0.0,0.0,0.0,0.0,21.0
deberta,iltur_it,frozen,STA,0.2721027366130226,0.061166677827568794,0.5882777353365589,0.17869415807560138,97.0
deberta,iltur_it,full_ft,ARG,0.6490736170258908,0.011036058746210707,0.7342568032223205,0.5825545171339563,107.0
deberta,iltur_it,full_ft,FAC,0.7303122384831094,0.017030543293551702,0.6960449735449735,0.7684478371501272,131.0
deberta,iltur_it,full_ft,PRE,0.5883347278305262,0.02249766694462494,0.6874640785541231,0.5164319248826291,142.0
deberta,iltur_it,full_ft,RATIO,0.595437473359241,0.005030273463497801,0.5061264560463429,0.7242063492063492,168.0
deberta,iltur_it,full_ft,RLC,0.49074074074074076,0.030243409893963184,0.6694444444444444,0.3888888888888889,96.0
deberta,iltur_it,full_ft,RPC,0.5906868234415826,0.06199703561107166,0.6036357862983249,0.5873015873015873,21.0
deberta,iltur_it,full_ft,STA,0.750624780378101,0.043122195116007477,0.7221280605726487,0.7903780068728522,97.0
deberta,iltur_it,role_adapter,ARG,0.5590687967340391,0.03272943706048972,0.578749241044323,0.5451713395638629,107.0
deberta,iltur_it,role_adapter,FAC,0.6569984997789825,0.018614464534607564,0.5663992985928453,0.7913486005089059,131.0
deberta,iltur_it,role_adapter,PRE,0.4549239337080942,0.006644483840127203,0.5431456224025883,0.392018779342723,142.0
deberta,iltur_it,role_adapter,RATIO,0.5684594463987445,0.007424999560027945,0.4736409969559004,0.7142857142857143,168.0
deberta,iltur_it,role_adapter,RLC,0.050505050505050504,0.056240044068990115,0.38888888888888884,0.027777777777777776,96.0
deberta,iltur_it,role_adapter,RPC,0.2641151951496779,0.029295589242456205,0.557142857142857,0.17460317460317457,21.0
deberta,iltur_it,role_adapter,STA,0.7251636673887812,0.023427488667754445,0.6952397694106355,0.7594501718213058,97.0
deberta,iltur_it,shared_lora,ARG,0.4885881932130382,0.05694460815713864,0.4848346883468835,0.4984423676012461,107.0
deberta,iltur_it,shared_lora,FAC,0.6790853421980155,0.04391572896646793,0.5877893552245599,0.8040712468193384,131.0
deberta,iltur_it,shared_lora,PRE,0.4289006301922767,0.0389271391326763,0.6011506037821827,0.3380281690140845,142.0
deberta,iltur_it,shared_lora,RATIO,0.5533305157800034,0.015314235163166288,0.45565315150628843,0.7043650793650794,168.0
deberta,iltur_it,shared_lora,RLC,0.0,0.0,0.0,0.0,96.0
deberta,iltur_it,shared_lora,RPC,0.0,0.0,0.0,0.0,21.0
deberta,iltur_it,shared_lora,STA,0.6962204309572732,0.00999298750324774,0.6119581743002545,0.8075601374570446,97.0
deberta,iltur_it,shared_lora_widehead,ARG,0.563183812182477,0.033694027349707986,0.6141591410269872,0.5233644859813084,107.0
deberta,iltur_it,shared_lora_widehead,FAC,0.6617329294042881,0.017866002246463362,0.5647444048850089,0.7989821882951654,131.0
deberta,iltur_it,shared_lora_widehead,PRE,0.41781127064249657,0.06292693400609461,0.5716702279202278,0.33098591549295775,142.0
deberta,iltur_it,shared_lora_widehead,RATIO,0.55811257503229,0.01836722045285606,0.45022634357670527,0.7361111111111112,168.0
deberta,iltur_it,shared_lora_widehead,RLC,0.061733687730429566,0.05346981678013844,0.27972027972027974,0.034722222222222224,96.0
deberta,iltur_it,shared_lora_widehead,RPC,0.05333333333333334,0.09237604307034013,0.16666666666666666,0.031746031746031744,21.0
deberta,iltur_it,shared_lora_widehead,STA,0.7155461529594446,0.00643030204230125,0.6546532086073845,0.7903780068728522,97.0
deberta,legaleval,category_lora,ARG,0.7187652560021452,0.009466084089975499,0.731311586816174,0.7074626865671642,335.0
deberta,legaleval,category_lora,FAC,0.8688484244608968,0.0013622549773468647,0.8494945675600377,0.889132020423049,914.0
deberta,legaleval,category_lora,PRE,0.6939833479404033,0.012935251319644452,0.6245541345861064,0.784037558685446,142.0
deberta,legaleval,category_lora,RATIO,0.48676359474560965,0.021903403119528004,0.6155163188871055,0.4056847545219638,129.0
deberta,legaleval,category_lora,RLC,0.5429211012490115,0.04799588240590646,0.5624283143489954,0.5325670498084292,87.0
deberta,legaleval,category_lora,RPC,0.771088314562844,0.007810410628553629,0.7864666591616946,0.7564766839378239,193.0
deberta,legaleval,category_lora,STA,0.6762419516805482,0.020646502116188993,0.7871037303810414,0.5988700564971752,59.0
deberta,legaleval,frozen,ARG,0.0630058331923898,0.04884350923795313,0.5013468013468013,0.03582089552238806,335.0
deberta,legaleval,frozen,FAC,0.6982442348008385,0.009337932810585325,0.5418816297731377,0.9817651349380014,914.0
deberta,legaleval,frozen,PRE,0.33032178347123337,0.036190661305087836,0.4223720836296901,0.2746478873239437,142.0
deberta,legaleval,frozen,RATIO,0.0,0.0,0.0,0.0,129.0
deberta,legaleval,frozen,RLC,0.0,0.0,0.0,0.0,87.0
deberta,legaleval,frozen,RPC,0.4108882204297298,0.0462746161995912,0.7627682070914229,0.2849740932642487,193.0
deberta,legaleval,frozen,STA,0.10531742524672265,0.09991662815343527,0.5238095238095237,0.062146892655367235,59.0
deberta,legaleval,full_ft,ARG,0.7466924512391512,0.013776335043206678,0.7590561868800254,0.7353233830845771,335.0
deberta,legaleval,full_ft,FAC,0.8790998304097611,0.0009041660098499724,0.8638051018532537,0.8949671772428883,914.0
deberta,legaleval,full_ft,PRE,0.7640792598051257,0.023761013935029673,0.7157097156724855,0.8215962441314554,142.0
deberta,legaleval,full_ft,RATIO,0.5665921743903395,0.01037125770188862,0.6902046041002093,0.48320413436692505,129.0
deberta,legaleval,full_ft,RLC,0.6241516834126565,0.017309551802232783,0.5841690716690716,0.6704980842911876,87.0
deberta,legaleval,full_ft,RPC,0.8278689387844252,0.012773364015565024,0.8526960136403289,0.8048359240069084,193.0
deberta,legaleval,full_ft,STA,0.8135564135564136,0.004755523452784475,0.8885172798216278,0.751412429378531,59.0
deberta,legaleval,role_adapter,ARG,0.722039385321403,0.014399455769063645,0.7486018176370718,0.6975124378109453,335.0
deberta,legaleval,role_adapter,FAC,0.8711082458611653,0.004419827859843639,0.8508486689683613,0.8924142961342086,914.0
deberta,legaleval,role_adapter,PRE,0.7049103818413281,0.01086894773880756,0.6378515260562442,0.7887323943661971,142.0
deberta,legaleval,role_adapter,RATIO,0.512200109579502,0.015174337969159018,0.6377538829151733,0.4289405684754522,129.0
deberta,legaleval,role_adapter,RLC,0.5724244884652883,0.03581265005987625,0.5747659176029963,0.5708812260536399,87.0
deberta,legaleval,role_adapter,RPC,0.7792996032542966,0.010790871400687109,0.7779498958388974,0.7806563039723661,193.0
deberta,legaleval,role_adapter,STA,0.6901098901098902,0.019603915137265122,0.7942028985507247,0.6101694915254238,59.0
deberta,legaleval,shared_lora,ARG,0.6894757846333722,0.014776289745539982,0.6820212138704197,0.6975124378109453,335.0
deberta,legaleval,shared_lora,FAC,0.8670501225177504,0.003678371091964453,0.8521636255034325,0.8825674690007294,914.0
deberta,legaleval,shared_lora,PRE,0.6138381002748187,0.02053504005570847,0.48364353060821813,0.84037558685446,142.0
deberta,legaleval,shared_lora,RATIO,0.24022766572839852,0.13485662027714146,0.6920823885109599,0.15503875968992248,129.0
deberta,legaleval,shared_lora,RLC,0.47190984614387005,0.05270730615833368,0.575782159521125,0.40229885057471265,87.0
deberta,legaleval,shared_lora,RPC,0.7375615800964447,0.021243452965248315,0.6832591554021977,0.8013816925734024,193.0
deberta,legaleval,shared_lora,STA,0.09777777777777778,0.1693560789622902,0.22916666666666666,0.062146892655367235,59.0
deberta,legaleval,shared_lora_widehead,ARG,0.689991388922759,0.02043251545737023,0.6886744257364974,0.6925373134328359,335.0
deberta,legaleval,shared_lora_widehead,FAC,0.8645939234216371,0.004054645169042666,0.8402096542287971,0.8905908096280087,914.0
deberta,legaleval,shared_lora_widehead,PRE,0.671426351565665,0.026380463708848507,0.5733693400360067,0.812206572769953,142.0
deberta,legaleval,shared_lora_widehead,RATIO,0.36241870451509817,0.033575264153646416,0.6296805261921542,0.2558139534883721,129.0
deberta,legaleval,shared_lora_widehead,RLC,0.4385658141440665,0.013687207793453629,0.5449225529685299,0.367816091954023,87.0
deberta,legaleval,shared_lora_widehead,RPC,0.7525422752283006,0.007534343673635231,0.7249798684230518,0.7823834196891192,193.0
deberta,legaleval,shared_lora_widehead,STA,0.43604938271604937,0.377676335932456,0.5063879210220673,0.384180790960452,59.0
deberta,marro_india,category_lora,ARG,0.7236357372925779,0.004623435065549877,0.7762941613497398,0.6777777777777777,150.0
deberta,marro_india,category_lora,FAC,0.669639287314897,0.0017053820379625472,0.6248869443313888,0.7213213213213213,555.0
deberta,marro_india,category_lora,PRE,0.3420055388724997,0.022883592273119556,0.7325717012785581,0.22336769759450173,388.0
deberta,marro_india,category_lora,RATIO,0.6651382025165655,0.003897869092798094,0.5467307406823636,0.8490915832406377,899.0
deberta,marro_india,category_lora,RLC,0.0672765537087145,0.022733957256068762,1.0,0.034904013961605584,191.0
deberta,marro_india,category_lora,RPC,0.528884908195253,0.04047087132578213,0.8333333333333334,0.3883495145631068,103.0
deberta,marro_india,category_lora,STA,0.7366587908908531,0.0072020810220407025,0.8267841525736263,0.6642857142857143,280.0
deberta,marro_india,frozen,ARG,0.0,0.0,0.0,0.0,150.0
deberta,marro_india,frozen,FAC,0.5021706430467391,0.1023768117382679,0.5552761173081106,0.4870870870870871,555.0
deberta,marro_india,frozen,PRE,0.0,0.0,0.0,0.0,388.0
deberta,marro_india,frozen,RATIO,0.5563263408469464,0.013868267047371265,0.39993746305327466,0.9173155357804968,899.0
deberta,marro_india,frozen,RLC,0.0,0.0,0.0,0.0,191.0
deberta,marro_india,frozen,RPC,0.0126984126984127,0.0219942959691286,0.3333333333333333,0.006472491909385113,103.0
deberta,marro_india,frozen,STA,0.004711425206124852,0.008160427833068916,0.2222222222222222,0.0023809523809523807,280.0
deberta,marro_india,full_ft,ARG,0.7159850351011707,0.015966181004636797,0.7514970813204509,0.6844444444444444,150.0
deberta,marro_india,full_ft,FAC,0.6746619937455641,0.011481673251874977,0.6007365857913985,0.7759759759759759,555.0
deberta,marro_india,full_ft,PRE,0.4406223034629846,0.026976990892762946,0.7313208082311072,0.3161512027491409,388.0
deberta,marro_india,full_ft,RATIO,0.6871437942671413,0.009406505785289038,0.5987088886444704,0.8075639599555061,899.0
deberta,marro_india,full_ft,RLC,0.14934359162239727,0.05147495934757982,0.729064039408867,0.0837696335078534,191.0
deberta,marro_india,full_ft,RPC,0.5457824577419436,0.016147586693207025,0.838954248366013,0.40453074433656955,103.0
deberta,marro_india,full_ft,STA,0.7573059224862307,0.023515698451080404,0.7972144734439817,0.7238095238095238,280.0
deberta,marro_india,role_adapter,ARG,0.7323741302888845,0.004145380235978339,0.7762705247464274,0.6933333333333334,150.0
deberta,marro_india,role_adapter,FAC,0.6785280608679782,0.00440355751864827,0.6249238500559926,0.7423423423423423,555.0
deberta,marro_india,role_adapter,PRE,0.3355412351675939,0.03137405191858683,0.7541006014215418,0.21649484536082475,388.0
deberta,marro_india,role_adapter,RATIO,0.6698027936963054,0.0032263737087375103,0.5551329807179608,0.8442714126807563,899.0
deberta,marro_india,role_adapter,RLC,0.05986397749842453,0.04506886598205272,0.7777777777777778,0.031413612565445025,191.0
deberta,marro_india,role_adapter,RPC,0.5169754380082153,0.023667053536233287,0.7883838383838384,0.3851132686084142,103.0
deberta,marro_india,role_adapter,STA,0.7500163905451096,0.017037443755577475,0.8194193843488754,0.6916666666666668,280.0
deberta,marro_india,shared_lora,ARG,0.7199431212518538,0.02232011151267511,0.7438778813778814,0.6977777777777777,150.0
deberta,marro_india,shared_lora,FAC,0.6645265526639985,0.012959630018965008,0.5948102677845296,0.7543543543543544,555.0
deberta,marro_india,shared_lora,PRE,0.3479119822060672,0.02068991936392335,0.7212649028306549,0.22938144329896906,388.0
deberta,marro_india,shared_lora,RATIO,0.6722516226429952,0.004518450086618796,0.5672499517225172,0.8253615127919911,899.0
deberta,marro_india,shared_lora,RLC,0.0,0.0,0.0,0.0,191.0
deberta,marro_india,shared_lora,RPC,0.2568903781084721,0.2239443126534557,0.46403962101636526,0.1779935275080906,103.0
deberta,marro_india,shared_lora,STA,0.7588858746442185,0.010100272644182921,0.7867395359442019,0.7345238095238096,280.0
deberta,marro_india,shared_lora_widehead,ARG,0.7437046004842616,0.013167216261400166,0.7775804405489563,0.7133333333333334,150.0
deberta,marro_india,shared_lora_widehead,FAC,0.6723222581014002,0.0032745119441973383,0.6141911760190076,0.7429429429429429,555.0
deberta,marro_india,shared_lora_widehead,PRE,0.36179183135704873,0.05299529846498101,0.7421590369079677,0.24054982817869416,388.0
deberta,marro_india,shared_lora_widehead,RATIO,0.6733652582652773,0.010009496991799907,0.5621914080088288,0.8394512421208752,899.0
deberta,marro_india,shared_lora_widehead,RLC,0.017253722794959906,0.011842128588404053,1.0,0.008726003490401396,191.0
deberta,marro_india,shared_lora_widehead,RPC,0.5109523105918061,0.02456476833085652,0.8003963324460219,0.37540453074433655,103.0
deberta,marro_india,shared_lora_widehead,STA,0.7534228845540718,0.01700205148550749,0.8197605742583254,0.6976190476190477,280.0
deberta,marro_uk,category_lora,ARG,0.030303030303030304,0.0524863881081478,0.16666666666666666,0.016666666666666666,40.0
deberta,marro_uk,category_lora,FAC,0.5717038224743815,0.013524409177468217,0.4590229675396238,0.757975797579758,303.0
deberta,marro_uk,category_lora,PRE,0.28813858594992614,0.05799167157730666,0.4642002734107997,0.21104536489151873,169.0
deberta,marro_uk,category_lora,RATIO,0.8070407315725667,0.007207018723708045,0.8401520682202088,0.7764756944444443,1536.0
deberta,marro_uk,category_lora,RLC,0.014492753623188406,0.025102185616940248,0.05555555555555555,0.008333333333333333,40.0
deberta,marro_uk,category_lora,RPC,0.37671957671957673,0.08188589258054223,0.5608465608465608,0.30303030303030304,11.0
deberta,marro_uk,category_lora,STA,0.4830957263025332,0.02750189847176386,0.35205801342267,0.7705627705627706,77.0
deberta,marro_uk,frozen,ARG,0.0,0.0,0.0,0.0,40.0
deberta,marro_uk,frozen,FAC,0.04977479226527918,0.011689132071976392,0.4556364351760771,0.026402640264026403,303.0
deberta,marro_uk,frozen,PRE,0.0,0.0,0.0,0.0,169.0
deberta,marro_uk,frozen,RATIO,0.8282639351651512,0.0006683129167661074,0.7089451587148224,0.9958767361111112,1536.0
deberta,marro_uk,frozen,RLC,0.0,0.0,0.0,0.0,40.0
deberta,marro_uk,frozen,RPC,0.0,0.0,0.0,0.0,11.0
deberta,marro_uk,frozen,STA,0.0,0.0,0.0,0.0,77.0
deberta,marro_uk,full_ft,ARG,0.3141387419165197,0.06100332114433587,0.36124661246612466,0.2833333333333334,40.0
deberta,marro_uk,full_ft,FAC,0.5622510921040667,0.0029179564812887174,0.4741095045578072,0.690869086908691,303.0
deberta,marro_uk,full_ft,PRE,0.3198771071515613,0.031281474939114595,0.2941178994042226,0.3530571992110454,169.0
deberta,marro_uk,full_ft,RATIO,0.7729166980423262,0.0035881566355043283,0.8705437500338803,0.6950954861111112,1536.0
deberta,marro_uk,full_ft,RLC,0.2774292523591982,0.013380212076452935,0.22340027913798408,0.3666666666666667,40.0
deberta,marro_uk,full_ft,RPC,0.43381642512077295,0.033343833674854884,0.4098440545808966,0.48484848484848486,11.0
deberta,marro_uk,full_ft,STA,0.4199892453447311,0.0433323714542706,0.2945085534973175,0.735930735930736,77.0
deberta,marro_uk,role_adapter,ARG,0.014814814814814815,0.02566001196398337,0.06666666666666667,0.008333333333333333,40.0
deberta,marro_uk,role_adapter,FAC,0.5680448408078175,0.009989545019210318,0.4547847557800322,0.7568756875687569,303.0
deberta,marro_uk,role_adapter,PRE,0.30065115405372217,0.05362348742611804,0.4622674966987361,0.22682445759368838,169.0
deberta,marro_uk,role_adapter,RATIO,0.8008700489441005,0.002469524251544576,0.8398161845591297,0.765407986111111,1536.0
deberta,marro_uk,role_adapter,RLC,0.0306553911205074,0.02655360821792911,0.19444444444444442,0.016666666666666666,40.0
deberta,marro_uk,role_adapter,RPC,0.36892230576441104,0.07282502505729926,0.6388888888888888,0.2727272727272727,11.0
deberta,marro_uk,role_adapter,STA,0.4631605295987766,0.02080632058498342,0.3320094921473763,0.7662337662337663,77.0
deberta,marro_uk,shared_lora,ARG,0.0,0.0,0.0,0.0,40.0
deberta,marro_uk,shared_lora,FAC,0.5528819080835442,0.004465029445774498,0.4266024429979655,0.7854785478547854,303.0
deberta,marro_uk,shared_lora,PRE,0.05010014049562072,0.059868504062935916,0.30833333333333335,0.027613412228796846,169.0
deberta,marro_uk,shared_lora,RATIO,0.7928352363251653,0.00964083228788462,0.832083127893578,0.7571614583333334,1536.0
deberta,marro_uk,shared_lora,RLC,0.013071895424836602,0.02264118702704415,0.030303030303030304,0.008333333333333333,40.0
deberta,marro_uk,shared_lora,RPC,0.125,0.21650635094610965,0.19999999999999998,0.0909090909090909,11.0
deberta,marro_uk,shared_lora,STA,0.42175922824412143,0.03199680093989621,0.2912777027692484,0.7705627705627706,77.0
deberta,marro_uk,shared_lora_widehead,ARG,0.0,0.0,0.0,0.0,40.0
deberta,marro_uk,shared_lora_widehead,FAC,0.5629671025493665,0.010474306177709065,0.4496843736216351,0.7535753575357536,303.0
deberta,marro_uk,shared_lora_widehead,PRE,0.26791795247556377,0.0639294152160442,0.4655892155892156,0.1972386587771203,169.0
deberta,marro_uk,shared_lora_widehead,RATIO,0.8040902417560556,0.008707799746885068,0.8432381091939202,0.7686631944444443,1536.0
deberta,marro_uk,shared_lora_widehead,RLC,0.05648148148148147,0.023295825232239116,0.19166666666666665,0.03333333333333333,40.0
deberta,marro_uk,shared_lora_widehead,RPC,0.5238095238095238,0.04123930494211611,0.7333333333333334,0.42424242424242425,11.0
deberta,marro_uk,shared_lora_widehead,STA,0.46638655713151017,0.014570045789386015,0.3338591163110394,0.774891774891775,77.0
inlegalbert,iltur_cl,category_lora,ARG,0.7099273766565322,0.0029655572008366396,0.6774678919684965,0.7457912457912458,198.0
inlegalbert,iltur_cl,category_lora,FAC,0.6931496577462196,0.005576927545954097,0.5890431866038863,0.8421768707482994,245.0
inlegalbert,iltur_cl,category_lora,PRE,0.5384478936387302,0.01116122660691522,0.6084658175962524,0.48326639892904955,249.0
inlegalbert,iltur_cl,category_lora,RATIO,0.5919806982019621,0.018036382859881912,0.6421197050829753,0.5496535796766744,433.0
inlegalbert,iltur_cl,category_lora,RLC,0.06237373737373738,0.032640293133537904,0.06842203548085901,0.057971014492753624,23.0
inlegalbert,iltur_cl,category_lora,RPC,0.5381836945304438,0.045299030451369696,0.40472027972027974,0.8055555555555557,12.0
inlegalbert,iltur_cl,category_lora,STA,0.7341791547914559,0.007059629107494751,0.8625341530054644,0.6392156862745099,85.0
inlegalbert,iltur_cl,frozen,ARG,0.39685798540778333,0.051409096361102476,0.5903320940230276,0.3063973063973064,198.0
inlegalbert,iltur_cl,frozen,FAC,0.5108132200125488,0.009205873804332281,0.3743509925987552,0.8068027210884354,245.0
inlegalbert,iltur_cl,frozen,PRE,0.14748979505582807,0.06693852734908244,0.6343370681605975,0.08567603748326641,249.0
inlegalbert,iltur_cl,frozen,RATIO,0.4786654058098921,0.013291762667512756,0.4322319645952808,0.5427251732101617,433.0
inlegalbert,iltur_cl,frozen,RLC,0.0,0.0,0.0,0.0,23.0
inlegalbert,iltur_cl,frozen,RPC,0.0,0.0,0.0,0.0,12.0
inlegalbert,iltur_cl,frozen,STA,0.4376887038001041,0.035536978895475864,0.8654621848739495,0.29411764705882354,85.0
inlegalbert,iltur_cl,full_ft,ARG,0.6577327285037835,0.026048233585931845,0.5919501026866172,0.7407407407407408,198.0
inlegalbert,iltur_cl,full_ft,FAC,0.6868517900086558,0.014690488750603971,0.5956528260567949,0.8122448979591836,245.0
inlegalbert,iltur_cl,full_ft,PRE,0.5647638755942753,0.012888395871429719,0.6120863949439322,0.5261044176706827,249.0
inlegalbert,iltur_cl,full_ft,RATIO,0.5599791433960649,0.018720854272993147,0.6433703509950313,0.49653579676674364,433.0
inlegalbert,iltur_cl,full_ft,RLC,0.023391812865497075,0.04051580836418426,0.0196078431372549,0.028985507246376812,23.0
inlegalbert,iltur_cl,full_ft,RPC,0.5476190476190476,0.04123930494211611,0.40890269151138714,0.8333333333333334,12.0
inlegalbert,iltur_cl,full_ft,STA,0.7406737053795878,0.006401526010013935,0.8337635162407325,0.6666666666666666,85.0
inlegalbert,iltur_cl,role_adapter,ARG,0.7162951583475134,0.010121114372533732,0.6892001326932834,0.7457912457912458,198.0
inlegalbert,iltur_cl,role_adapter,FAC,0.6915284432188405,0.0003366746096291317,0.5913964441263292,0.8326530612244897,245.0
inlegalbert,iltur_cl,role_adapter,PRE,0.5330293578633037,0.016378311150425328,0.6007348042701718,0.47925033467202144,249.0
inlegalbert,iltur_cl,role_adapter,RATIO,0.6047936431810464,0.016534342817306036,0.646127849221173,0.5688991531947653,433.0
inlegalbert,iltur_cl,role_adapter,RLC,0.04751773049645391,0.05018450941938862,0.05310457516339869,0.043478260869565216,23.0
inlegalbert,iltur_cl,role_adapter,RPC,0.5320320320320321,0.02873849293284404,0.3972222222222222,0.8055555555555557,12.0
inlegalbert,iltur_cl,role_adapter,STA,0.7238310880694986,0.009153159269936484,0.8565955117679255,0.6274509803921569,85.0
inlegalbert,iltur_cl,shared_lora,ARG,0.7280751006116924,0.011174053619026191,0.7239489399820842,0.7323232323232324,198.0
inlegalbert,iltur_cl,shared_lora,FAC,0.6802606821471819,0.006760694276932507,0.5788283313391247,0.8258503401360544,245.0
inlegalbert,iltur_cl,shared_lora,PRE,0.5452328173998525,0.016359726546378576,0.6104320229320229,0.4939759036144578,249.0
inlegalbert,iltur_cl,shared_lora,RATIO,0.6314797828943409,0.03647594798071136,0.6471038148229998,0.6181678214010778,433.0
inlegalbert,iltur_cl,shared_lora,RLC,0.0,0.0,0.0,0.0,23.0
inlegalbert,iltur_cl,shared_lora,RPC,0.4498376623376623,0.15526500545097952,0.3804347826086956,0.5833333333333334,12.0
inlegalbert,iltur_cl,shared_lora,STA,0.7062631949331456,0.02145256454131755,0.8428315412186379,0.6078431372549019,85.0
inlegalbert,iltur_cl,shared_lora_widehead,ARG,0.7172835200368871,0.006812268984088931,0.6955890884995605,0.7407407407407408,198.0
inlegalbert,iltur_cl,shared_lora_widehead,FAC,0.6875785608830483,0.009522777599755138,0.5778234802937708,0.8489795918367347,245.0
inlegalbert,iltur_cl,shared_lora_widehead,PRE,0.5395754289285809,0.00671801667866246,0.6049941688791841,0.48728246318607765,249.0
inlegalbert,iltur_cl,shared_lora_widehead,RATIO,0.6045700780394987,0.014832239142671998,0.6461652147516023,0.5681293302540417,433.0
inlegalbert,iltur_cl,shared_lora_widehead,RLC,0.0,0.0,0.0,0.0,23.0
inlegalbert,iltur_cl,shared_lora_widehead,RPC,0.514014014014014,0.03660503404049357,0.3838888888888889,0.7777777777777778,12.0
inlegalbert,iltur_cl,shared_lora_widehead,STA,0.7139457104162986,0.0064507800648543855,0.8218259953554071,0.6313725490196078,85.0
inlegalbert,iltur_it,category_lora,ARG,0.6336704587755896,0.015919770775070678,0.7122601206179331,0.573208722741433,107.0
inlegalbert,iltur_it,category_lora,FAC,0.7741692074524472,0.0017816999738198768,0.7305355084332078,0.8244274809160306,131.0
inlegalbert,iltur_it,category_lora,PRE,0.6025534645468928,0.013662940752504335,0.7101869158878505,0.5234741784037559,142.0
inlegalbert,iltur_it,category_lora,RATIO,0.5914254279098428,0.0144694805643254,0.495384041000577,0.7361111111111112,168.0
inlegalbert,iltur_it,category_lora,RLC,0.46739682910897534,0.03501932691720882,0.788582537999293,0.3333333333333333,96.0
inlegalbert,iltur_it,category_lora,RPC,0.6467063800397134,0.03990454682310593,0.5319322254806126,0.8253968253968255,21.0
inlegalbert,iltur_it,category_lora,STA,0.7926779150613347,0.014371531669014018,0.7851652797041146,0.8006872852233676,97.0
inlegalbert,iltur_it,frozen,ARG,0.38003766478342754,0.029300294331591533,0.4322296515365822,0.3426791277258567,107.0
inlegalbert,iltur_it,frozen,FAC,0.49666681076538266,0.012933388268528136,0.4360749949697393,0.5826972010178116,131.0
inlegalbert,iltur_it,frozen,PRE,0.3241521445754855,0.015693365811221473,0.45419309372797745,0.25352112676056343,142.0
inlegalbert,iltur_it,frozen,RATIO,0.458973238524136,0.007628212882867861,0.3408045642318573,0.7083333333333334,168.0
inlegalbert,iltur_it,frozen,RLC,0.0,0.0,0.0,0.0,96.0
inlegalbert,iltur_it,frozen,RPC,0.0,0.0,0.0,0.0,21.0
inlegalbert,iltur_it,frozen,STA,0.5522871462597919,0.029806240203607056,0.6640042243006538,0.4742268041237114,97.0
inlegalbert,iltur_it,full_ft,ARG,0.6563340751320291,0.01167140190015195,0.7583576535823727,0.5794392523364486,107.0
inlegalbert,iltur_it,full_ft,FAC,0.7778777278027653,0.019202460952780682,0.7400641554750645,0.821882951653944,131.0
inlegalbert,iltur_it,full_ft,PRE,0.6252316103584695,0.00993044527814729,0.7121519968156066,0.5586854460093896,142.0
inlegalbert,iltur_it,full_ft,RATIO,0.6020562178715957,0.004887554504569305,0.5010702182056007,0.7559523809523809,168.0
inlegalbert,iltur_it,full_ft,RLC,0.48595942410771453,0.03743711789992913,0.8512414853878268,0.34027777777777773,96.0
inlegalbert,iltur_it,full_ft,RPC,0.6064197530864198,0.040200685410240605,0.5043538836642285,0.7619047619047619,21.0
inlegalbert,iltur_it,full_ft,STA,0.79531771616878,0.014213638676907583,0.7911788618315582,0.8006872852233676,97.0
inlegalbert,iltur_it,role_adapter,ARG,0.63624263347262,0.008536950483862127,0.698388011004659,0.5856697819314641,107.0
inlegalbert,iltur_it,role_adapter,FAC,0.773370383769651,0.0024473786744929095,0.7389443382283695,0.8117048346055981,131.0
inlegalbert,iltur_it,role_adapter,PRE,0.6060356652949245,0.017270881465610077,0.7498124812481248,0.5093896713615024,142.0
inlegalbert,iltur_it,role_adapter,RATIO,0.5850760153609146,0.0042455353688318695,0.4888820830743659,0.7301587301587302,168.0
inlegalbert,iltur_it,role_adapter,RLC,0.4787569178373776,0.02760551489920026,0.7327073279454231,0.3576388888888889,96.0
inlegalbert,iltur_it,role_adapter,RPC,0.6761305361305361,0.03799367908629872,0.5661628388841632,0.8412698412698413,21.0
inlegalbert,iltur_it,role_adapter,STA,0.7898922220530261,0.013236514396840897,0.7729890636122435,0.8075601374570446,97.0
inlegalbert,iltur_it,shared_lora,ARG,0.6347854964828065,0.018967613911898815,0.7721669037458511,0.5389408099688473,107.0
inlegalbert,iltur_it,shared_lora,FAC,0.7611279376507812,0.024649057206372366,0.6983602245925282,0.8371501272264631,131.0
inlegalbert,iltur_it,shared_lora,PRE,0.5451737748168726,0.01990258779897385,0.6703120953120952,0.460093896713615,142.0
inlegalbert,iltur_it,shared_lora,RATIO,0.5924133879886092,0.006571378340366379,0.4659274367956927,0.8134920634920636,168.0
inlegalbert,iltur_it,shared_lora,RLC,0.3181268217565858,0.05090275683612514,0.8877777777777777,0.19444444444444442,96.0
inlegalbert,iltur_it,shared_lora,RPC,0.5812629399585921,0.02262680434202315,0.5257142857142857,0.6666666666666666,21.0
inlegalbert,iltur_it,shared_lora,STA,0.7803294103951339,0.023273945815008412,0.8065595751765965,0.7560137457044673,97.0
inlegalbert,iltur_it,shared_lora_widehead,ARG,0.6391150289949697,0.004201285786502742,0.7568608590015217,0.5545171339563862,107.0
inlegalbert,iltur_it,shared_lora_widehead,FAC,0.7796904976090283,0.007567203174340287,0.7438177860713072,0.8193384223918576,131.0
inlegalbert,iltur_it,shared_lora_widehead,PRE,0.6106778927041886,0.011955974424453892,0.7574627428787021,0.5117370892018779,142.0
inlegalbert,iltur_it,shared_lora_widehead,RATIO,0.6015584615889726,0.013526333630314002,0.48816555730245725,0.7837301587301587,168.0
inlegalbert,iltur_it,shared_lora_widehead,RLC,0.479545793400999,0.018112163958864592,0.7756139576899646,0.34722222222222215,96.0
inlegalbert,iltur_it,shared_lora_widehead,RPC,0.6623931623931624,0.007401926528072099,0.5535027696318019,0.8253968253968255,21.0
inlegalbert,iltur_it,shared_lora_widehead,STA,0.7891065292096221,0.015483263957701523,0.7814366262970006,0.7972508591065292,97.0
inlegalbert,legaleval,category_lora,ARG,0.7548800754104237,0.009839824827568535,0.7579912347594094,0.7532338308457711,335.0
inlegalbert,legaleval,category_lora,FAC,0.8880800568777203,0.006076336198267401,0.8754885270722722,0.9011670313639679,914.0
inlegalbert,legaleval,category_lora,PRE,0.769632259990655,0.00616657367861692,0.716920731707317,0.8309859154929576,142.0
inlegalbert,legaleval,category_lora,RATIO,0.6064983675041636,0.023123703046138373,0.6762315121460648,0.5503875968992248,129.0
inlegalbert,legaleval,category_lora,RLC,0.6431456197574472,0.010002569598227642,0.6634597204648255,0.6245210727969349,87.0
inlegalbert,legaleval,category_lora,RPC,0.8466612305786274,0.011940467815516043,0.8747187490495193,0.8203799654576857,193.0
inlegalbert,legaleval,category_lora,STA,0.828652978726725,0.012546406195520686,0.8850406689580095,0.7796610169491526,59.0
inlegalbert,legaleval,frozen,ARG,0.4630897732368368,0.01529149450853177,0.6189013740054091,0.3701492537313433,335.0
inlegalbert,legaleval,frozen,FAC,0.7328043424716509,0.0026163945202529065,0.5908517672786938,0.9646243617797228,914.0
inlegalbert,legaleval,frozen,PRE,0.4219662229200057,0.015197348709623302,0.5721244024403309,0.33568075117370894,142.0
inlegalbert,legaleval,frozen,RATIO,0.08271604938271605,0.014968340312323634,0.7676767676767677,0.043927648578811374,129.0
inlegalbert,legaleval,frozen,RLC,0.0,0.0,0.0,0.0,87.0
inlegalbert,legaleval,frozen,RPC,0.3998664365866261,0.009538376676835731,0.7926787271037131,0.26770293609671847,193.0
inlegalbert,legaleval,frozen,STA,0.2555607223126405,0.03966564918239753,1.0,0.14689265536723164,59.0
inlegalbert,legaleval,full_ft,ARG,0.7476726890263935,0.0008043986315357019,0.7395889067237382,0.7562189054726368,335.0
inlegalbert,legaleval,full_ft,FAC,0.8859404585813552,0.002396627972100999,0.8810055010754252,0.8909555069292487,914.0
inlegalbert,legaleval,full_ft,PRE,0.7680529783664264,0.006812808874313974,0.7284647945626194,0.812206572769953,142.0
inlegalbert,legaleval,full_ft,RATIO,0.590709504387316,0.020025148509157775,0.6451967861531948,0.5452196382428941,129.0
inlegalbert,legaleval,full_ft,RLC,0.6582995348045008,0.026436391084107294,0.6435757875639122,0.6743295019157088,87.0
inlegalbert,legaleval,full_ft,RPC,0.8548820563402129,0.005380317993840323,0.8885654167451792,0.8238341968911916,193.0
inlegalbert,legaleval,full_ft,STA,0.8234519104084321,0.02648319664664498,0.8595938375350141,0.7909604519774011,59.0
inlegalbert,legaleval,role_adapter,ARG,0.7512925545825225,0.013203964641751904,0.7555264304937949,0.7472636815920398,335.0
inlegalbert,legaleval,role_adapter,FAC,0.8913672118753788,0.0060896815962221615,0.8779843668718753,0.9051787016776075,914.0
inlegalbert,legaleval,role_adapter,PRE,0.7704078088218386,0.005450132290836,0.7271246786031812,0.8192488262910799,142.0
inlegalbert,legaleval,role_adapter,RATIO,0.6065219861715639,0.018884566335818444,0.6622611980572045,0.5607235142118863,129.0
inlegalbert,legaleval,role_adapter,RLC,0.6466762437698459,0.011211889463038067,0.6915439842069387,0.6091954022988506,87.0
inlegalbert,legaleval,role_adapter,RPC,0.8412877516083169,0.011134696283138639,0.8595053679205152,0.8238341968911916,193.0
inlegalbert,legaleval,role_adapter,STA,0.8434500684500684,0.009852399620972263,0.8836074008870519,0.8079096045197739,59.0
inlegalbert,legaleval,shared_lora,ARG,0.737420118621899,0.006014819792582743,0.7429862466652466,0.7323383084577114,335.0
inlegalbert,legaleval,shared_lora,FAC,0.8828624203344364,0.0022480379342494044,0.8687215435102288,0.8975200583515681,914.0
inlegalbert,legaleval,shared_lora,PRE,0.7502515512097115,0.009627875306174058,0.6955324158648967,0.8145539906103286,142.0
inlegalbert,legaleval,shared_lora,RATIO,0.5690957441200087,0.028474016649378826,0.6546949780923491,0.5064599483204134,129.0
inlegalbert,legaleval,shared_lora,RLC,0.5982492512317362,0.028852713348840545,0.6123265680541222,0.5862068965517241,87.0
inlegalbert,legaleval,shared_lora,RPC,0.8365390896958497,0.002004407799633604,0.8516667153867891,0.8221070811744386,193.0
inlegalbert,legaleval,shared_lora,STA,0.8124854414162591,0.0020172965380489726,0.9092488059053409,0.7344632768361582,59.0
inlegalbert,legaleval,shared_lora_widehead,ARG,0.7421964647574404,0.009455152299754141,0.7545152516211612,0.7303482587064677,335.0
inlegalbert,legaleval,shared_lora_widehead,FAC,0.8867136097838122,0.002950987291020477,0.8772841791064413,0.8964259664478483,914.0
inlegalbert,legaleval,shared_lora_widehead,PRE,0.7504804977092167,0.00903984616386484,0.6924305713779398,0.8192488262910799,142.0
inlegalbert,legaleval,shared_lora_widehead,RATIO,0.5877701094351778,0.005939488643923398,0.6389704648430945,0.5452196382428941,129.0
inlegalbert,legaleval,shared_lora_widehead,RLC,0.6287178958416778,0.013222253472452556,0.6396744874233777,0.6206896551724138,87.0
inlegalbert,legaleval,shared_lora_widehead,RPC,0.8364529984517247,0.007244372931422748,0.8569711806037192,0.8169257340241796,193.0
inlegalbert,legaleval,shared_lora_widehead,STA,0.8226674950812881,0.020941229045673766,0.8645973909131804,0.7853107344632768,59.0
inlegalbert,marro_india,category_lora,ARG,0.7455523662647047,0.013614694326139274,0.7890647954652747,0.7066666666666667,150.0
inlegalbert,marro_india,category_lora,FAC,0.7007520091439523,0.013069082747371232,0.6677349646769605,0.7375375375375376,555.0
inlegalbert,marro_india,category_lora,PRE,0.3861530687906621,0.021809406847005608,0.7505460005460005,0.2603092783505155,388.0
inlegalbert,marro_india,category_lora,RATIO,0.679403984297379,0.0042668560036212095,0.5588756509155062,0.8665183537263627,899.0
inlegalbert,marro_india,category_lora,RLC,0.1167655465236926,0.027226584324279702,0.8581973581973582,0.06282722513089005,191.0
inlegalbert,marro_india,category_lora,RPC,0.5270277919284542,0.02575328247295052,0.8222921034241789,0.3883495145631068,103.0
inlegalbert,marro_india,category_lora,STA,0.7638091448456644,0.015626709207054383,0.8532226000037159,0.6916666666666668,280.0
inlegalbert,marro_india,frozen,ARG,0.008830022075055188,0.007647023432975176,0.6666666666666666,0.0044444444444444444,150.0
inlegalbert,marro_india,frozen,FAC,0.4740976084871729,0.02222947971353403,0.6048448412255767,0.3903903903903904,555.0
inlegalbert,marro_india,frozen,PRE,0.011637988528744833,0.0056636164134288725,0.39957264957264954,0.006013745704467353,388.0
inlegalbert,marro_india,frozen,RATIO,0.5637744963267199,0.005074404160660718,0.4009880558541515,0.9492028179458658,899.0
inlegalbert,marro_india,frozen,RLC,0.0,0.0,0.0,0.0,191.0
inlegalbert,marro_india,frozen,RPC,0.0,0.0,0.0,0.0,103.0
inlegalbert,marro_india,frozen,STA,0.30644405351031506,0.08775388845759642,0.8061019149626745,0.19285714285714284,280.0
inlegalbert,marro_india,full_ft,ARG,0.7331707533557829,0.011158614506324873,0.7569159750691598,0.7111111111111111,150.0
inlegalbert,marro_india,full_ft,FAC,0.6745158318048343,0.015095843439160504,0.6553571154684669,0.6972972972972973,555.0
inlegalbert,marro_india,full_ft,PRE,0.42843147599040177,0.012320720967136597,0.7670542156256442,0.2972508591065292,388.0
inlegalbert,marro_india,full_ft,RATIO,0.6899540063763219,0.00392854814810205,0.5768165025506286,0.8587319243604005,899.0
inlegalbert,marro_india,full_ft,RLC,0.24477950595677356,0.07489089262673826,0.8461007591442374,0.14485165794066315,191.0
inlegalbert,marro_india,full_ft,RPC,0.5825685532356668,0.004925315425973423,0.8120675244241653,0.4563106796116505,103.0
inlegalbert,marro_india,full_ft,STA,0.7719978104663415,0.01808882052862109,0.813944771044599,0.7345238095238096,280.0
inlegalbert,marro_india,role_adapter,ARG,0.7424257296165423,0.011928151071454866,0.7848607024808398,0.7044444444444444,150.0
inlegalbert,marro_india,role_adapter,FAC,0.6976314046327886,0.0068298134082376335,0.6740824691099149,0.7231231231231231,555.0
inlegalbert,marro_india,role_adapter,PRE,0.38097880726700223,0.021489898031201903,0.753948075975515,0.2551546391752577,388.0
inlegalbert,marro_india,role_adapter,RATIO,0.6819297849367646,0.0032162203138352808,0.5594359314501774,0.8731924360400445,899.0
inlegalbert,marro_india,role_adapter,RLC,0.14410675617350843,0.014967183624639155,0.8865218602060706,0.07853403141361258,191.0
inlegalbert,marro_india,role_adapter,RPC,0.5379609783634551,0.0018154998151301712,0.8163958413554101,0.401294498381877,103.0
inlegalbert,marro_india,role_adapter,STA,0.7762189863640142,0.02919851308771269,0.8539623262672733,0.7119047619047619,280.0
inlegalbert,marro_india,shared_lora,ARG,0.7392108373771308,0.010945791479010751,0.7804469818962573,0.7022222222222222,150.0
inlegalbert,marro_india,shared_lora,FAC,0.6818750303142541,0.010522381067889329,0.6608100614698188,0.7057057057057058,555.0
inlegalbert,marro_india,shared_lora,PRE,0.36887447209707935,0.010264149026481652,0.765942713723608,0.24312714776632302,388.0
inlegalbert,marro_india,shared_lora,RATIO,0.6792967849573021,0.0036800530791398847,0.5555881907990038,0.8743047830923247,899.0
inlegalbert,marro_india,shared_lora,RLC,0.09511394010891834,0.032936287919926734,0.8523809523809524,0.05061082024432809,191.0
inlegalbert,marro_india,shared_lora,RPC,0.5683995435607568,0.010878651899986233,0.8132034632034633,0.4368932038834951,103.0
inlegalbert,marro_india,shared_lora,STA,0.7729185683288026,0.008042988483927281,0.8521990461645634,0.7071428571428572,280.0
inlegalbert,marro_india,shared_lora_widehead,ARG,0.7366995354817303,0.020316569033598953,0.7775947884643536,0.7000000000000001,150.0
inlegalbert,marro_india,shared_lora_widehead,FAC,0.6981794951454466,0.009218824694053824,0.6655766179082957,0.7345345345345345,555.0
inlegalbert,marro_india,shared_lora_widehead,PRE,0.3838169393542877,0.02321998745185387,0.778716122978418,0.25515463917525777,388.0
inlegalbert,marro_india,shared_lora_widehead,RATIO,0.684514543378914,0.005911440185892712,0.5644130067373585,0.8698553948832036,899.0
inlegalbert,marro_india,shared_lora_widehead,RLC,0.12892800017004905,0.028846598534745825,0.8704678362573098,0.06980802792321117,191.0
inlegalbert,marro_india,shared_lora_widehead,RPC,0.5479801354708279,0.02203217937923224,0.8100628930817612,0.4142394822006472,103.0
inlegalbert,marro_india,shared_lora_widehead,STA,0.7810464632069589,0.019900643624941625,0.852639710234647,0.7214285714285714,280.0
inlegalbert,marro_uk,category_lora,ARG,0.4279975300570266,0.026367979977415162,0.48684546615581104,0.3833333333333333,40.0
inlegalbert,marro_uk,category_lora,FAC,0.568388775203848,0.006289363734129478,0.48894699469758285,0.6787678767876787,303.0
inlegalbert,marro_uk,category_lora,PRE,0.31684244624230157,0.013899969777221233,0.4102331078732259,0.2583826429980276,169.0
inlegalbert,marro_uk,category_lora,RATIO,0.8088148766371491,0.004960688487086542,0.842549998966394,0.7777777777777777,1536.0
inlegalbert,marro_uk,category_lora,RLC,0.22769230769230767,0.03646438735308958,0.2401002506265664,0.21666666666666667,40.0
inlegalbert,marro_uk,category_lora,RPC,0.538961038961039,0.03615431404435076,0.567003367003367,0.5151515151515151,11.0
inlegalbert,marro_uk,category_lora,STA,0.49273935479080816,0.01148011797573207,0.3710451846963223,0.735930735930736,77.0
inlegalbert,marro_uk,frozen,ARG,0.0,0.0,0.0,0.0,40.0
inlegalbert,marro_uk,frozen,FAC,0.14659731736733986,0.039435325827815726,0.4699125917630957,0.08910891089108912,303.0
inlegalbert,marro_uk,frozen,PRE,0.0,0.0,0.0,0.0,169.0
inlegalbert,marro_uk,frozen,RATIO,0.8254636312112487,0.0025037277867306475,0.7145770188092616,0.9772135416666666,1536.0
inlegalbert,marro_uk,frozen,RLC,0.0,0.0,0.0,0.0,40.0
inlegalbert,marro_uk,frozen,RPC,0.0,0.0,0.0,0.0,11.0
inlegalbert,marro_uk,frozen,STA,0.1825708061002179,0.08184649058705122,0.5744871794871794,0.11255411255411256,77.0
inlegalbert,marro_uk,full_ft,ARG,0.40536538499633523,0.011153303560862983,0.4435397711607389,0.375,40.0
inlegalbert,marro_uk,full_ft,FAC,0.5520663042556461,0.013061122217230776,0.4668313073549141,0.6754675467546756,303.0
inlegalbert,marro_uk,full_ft,PRE,0.35135355900487597,0.011339040257534362,0.32335796518211335,0.3905325443786982,169.0
inlegalbert,marro_uk,full_ft,RATIO,0.7741241830556573,0.010462938664593033,0.8573537661841452,0.7057291666666666,1536.0
inlegalbert,marro_uk,full_ft,RLC,0.2654646324549237,0.058051963374367084,0.2311207311207311,0.31666666666666665,40.0
inlegalbert,marro_uk,full_ft,RPC,0.46814814814814815,0.02052800957118669,0.41071428571428575,0.5454545454545454,11.0
inlegalbert,marro_uk,full_ft,STA,0.45499202877264205,0.02195226575661772,0.3364626634701051,0.7056277056277057,77.0
inlegalbert,marro_uk,role_adapter,ARG,0.4123019123019123,0.021956574571910168,0.44684022257551675,0.3833333333333333,40.0
inlegalbert,marro_uk,role_adapter,FAC,0.5560601193120599,0.00844442592238508,0.4754159132859914,0.66996699669967,303.0
inlegalbert,marro_uk,role_adapter,PRE,0.34156655497017696,0.01697649400389681,0.41988232074438975,0.28796844181459563,169.0
inlegalbert,marro_uk,role_adapter,RATIO,0.8024573204496428,0.002010589582212602,0.8451514317502428,0.7638888888888888,1536.0
inlegalbert,marro_uk,role_adapter,RLC,0.22834851415409174,0.05164177354478495,0.23512290602201377,0.225,40.0
inlegalbert,marro_uk,role_adapter,RPC,0.6071428571428571,0.05189165408976993,0.6128205128205128,0.6060606060606061,11.0
inlegalbert,marro_uk,role_adapter,STA,0.4782501124606388,0.004845318039017158,0.35350097947601417,0.7402597402597403,77.0
inlegalbert,marro_uk,shared_lora,ARG,0.32618435880099167,0.016447486567895096,0.6942760942760943,0.21666666666666667,40.0
inlegalbert,marro_uk,shared_lora,FAC,0.577749050390061,0.0022316835459064745,0.4837396499051472,0.7172717271727173,303.0
inlegalbert,marro_uk,shared_lora,PRE,0.2696069696069696,0.033922405230584735,0.41473341473341474,0.20118343195266272,169.0
inlegalbert,marro_uk,shared_lora,RATIO,0.8121477076870427,0.002451056542416066,0.8340237588541074,0.7914496527777777,1536.0
inlegalbert,marro_uk,shared_lora,RLC,0.16816092225928292,0.012110394462838446,0.2629399585921325,0.125,40.0
inlegalbert,marro_uk,shared_lora,RPC,0.5365497076023392,0.04259883708869438,0.573005698005698,0.5151515151515151,11.0
inlegalbert,marro_uk,shared_lora,STA,0.47289179170452783,0.02158837950766693,0.3626352416246033,0.6796536796536796,77.0
inlegalbert,marro_uk,shared_lora_widehead,ARG,0.3792085848423877,0.018194891155401474,0.4397849462365591,0.3333333333333333,40.0
inlegalbert,marro_uk,shared_lora_widehead,FAC,0.5845838840280712,0.008613212445524682,0.4980118633016873,0.7084708470847084,303.0
inlegalbert,marro_uk,shared_lora_widehead,PRE,0.3368444297618514,0.012368817599598913,0.41842183114343645,0.28205128205128205,169.0
inlegalbert,marro_uk,shared_lora_widehead,RATIO,0.8092323946861142,0.003941389241651807,0.8475454508127963,0.7743055555555555,1536.0
inlegalbert,marro_uk,shared_lora_widehead,RLC,0.24634025150021022,0.04594922605127345,0.26422764227642276,0.2333333333333333,40.0
inlegalbert,marro_uk,shared_lora_widehead,RPC,0.5684848484848485,0.028245285327832804,0.5707070707070706,0.5757575757575757,11.0
inlegalbert,marro_uk,shared_lora_widehead,STA,0.47501772015677995,0.0038438632139329953,0.3594934014474244,0.7012987012987013,77.0
legalbert,iltur_cl,category_lora,ARG,0.6427055327710152,0.024638621796903907,0.6603358460501317,0.6262626262626263,198.0
legalbert,iltur_cl,category_lora,FAC,0.641521019957814,0.010189063522218014,0.5152559301930651,0.8503401360544217,245.0
legalbert,iltur_cl,category_lora,PRE,0.4650446189123713,0.004856751039903264,0.5808887191240132,0.38821954484605087,249.0
legalbert,iltur_cl,category_lora,RATIO,0.5696840734888076,0.026851312545991043,0.6020452959684047,0.5411855273287144,433.0
legalbert,iltur_cl,category_lora,RLC,0.07904678872420808,0.025167840853950563,0.13095238095238096,0.057971014492753624,23.0
legalbert,iltur_cl,category_lora,RPC,0.47024297024297024,0.040406576644541885,0.3644444444444444,0.6666666666666666,12.0
legalbert,iltur_cl,category_lora,STA,0.698934357432806,0.021707644492221595,0.8095068330362448,0.615686274509804,85.0
legalbert,iltur_cl,frozen,ARG,0.08219100736762376,0.10889543058171784,0.3647003745318352,0.07239057239057238,198.0
legalbert,iltur_cl,frozen,FAC,0.46260798323672575,0.01706129951285467,0.3287356491321923,0.7877551020408163,245.0
legalbert,iltur_cl,frozen,PRE,0.04290061339124356,0.014615498597782875,0.43253968253968256,0.022757697456492632,249.0
legalbert,iltur_cl,frozen,RATIO,0.4202881396178582,0.06937605127941601,0.37062038556193605,0.49884526558891457,433.0
legalbert,iltur_cl,frozen,RLC,0.0,0.0,0.0,0.0,23.0
legalbert,iltur_cl,frozen,RPC,0.0,0.0,0.0,0.0,12.0
legalbert,iltur_cl,frozen,STA,0.0,0.0,0.0,0.0,85.0
legalbert,iltur_cl,full_ft,ARG,0.6010964336745109,0.02394175604208797,0.5531926060250688,0.6599326599326599,198.0
legalbert,iltur_cl,full_ft,FAC,0.6719075366382872,0.006551515038738788,0.5660133332288,0.8272108843537415,245.0
legalbert,iltur_cl,full_ft,PRE,0.5289147214935409,0.013270172205850288,0.6051702640547504,0.46987951807228917,249.0
legalbert,iltur_cl,full_ft,RATIO,0.5407509325080248,0.00899105467544915,0.6147094613241277,0.48267898383371827,433.0
legalbert,iltur_cl,full_ft,RLC,0.037037037037037035,0.06415002990995841,0.03225806451612903,0.043478260869565216,23.0
legalbert,iltur_cl,full_ft,RPC,0.49466089466089463,0.06294398097646443,0.3844030365769496,0.6944444444444445,12.0
legalbert,iltur_cl,full_ft,STA,0.7252826027019575,0.0171168590771498,0.8008718980549966,0.6627450980392157,85.0
legalbert,iltur_cl,role_adapter,ARG,0.6431532127020848,0.023621514256864446,0.6761003456445017,0.6144781144781145,198.0
legalbert,iltur_cl,role_adapter,FAC,0.6413962560319697,0.0175373050894494,0.5211451778462087,0.834013605442177,245.0
legalbert,iltur_cl,role_adapter,PRE,0.4760090433420494,0.023175948943029975,0.5937232364210052,0.39759036144578314,249.0
legalbert,iltur_cl,role_adapter,RATIO,0.5898013901521084,0.007070611664452067,0.6092990361667169,0.5719784449576598,433.0
legalbert,iltur_cl,role_adapter,RLC,0.040552995391705066,0.03531289227772906,0.06944444444444443,0.028985507246376812,23.0
legalbert,iltur_cl,role_adapter,RPC,0.4955182072829132,0.03634231142287829,0.3773056653491436,0.7222222222222222,12.0
legalbert,iltur_cl,role_adapter,STA,0.7104113555982815,0.010795559259746571,0.8061383061383062,0.6352941176470588,85.0
legalbert,iltur_cl,shared_lora,ARG,0.6733568711329886,0.023057970628558567,0.7282539682539682,0.6262626262626263,198.0
legalbert,iltur_cl,shared_lora,FAC,0.6461664452130201,0.0025675721963120397,0.5186391632119418,0.8571428571428571,245.0
legalbert,iltur_cl,shared_lora,PRE,0.4763030262500039,0.0027407804759581027,0.5820247385464777,0.4042838018741633,249.0
legalbert,iltur_cl,shared_lora,RATIO,0.5935152341902975,0.02507157865495045,0.6091099654345479,0.5789068514241724,433.0
legalbert,iltur_cl,shared_lora,RLC,0.0,0.0,0.0,0.0,23.0
legalbert,iltur_cl,shared_lora,RPC,0.28703703703703703,0.24896906777312505,0.3611111111111111,0.25,12.0
legalbert,iltur_cl,shared_lora,STA,0.613587759372254,0.024652578721457156,0.6412609893622552,0.5882352941176471,85.0
legalbert,iltur_cl,shared_lora_widehead,ARG,0.6324096544199258,0.017953548041907675,0.6672734500868328,0.6010101010101011,198.0
legalbert,iltur_cl,shared_lora_widehead,FAC,0.6285095717564073,0.015593416414256567,0.49829534152301647,0.8517006802721089,245.0
legalbert,iltur_cl,shared_lora_widehead,PRE,0.4831685223230691,0.016214054647609454,0.5735101333956357,0.4176706827309237,249.0
legalbert,iltur_cl,shared_lora_widehead,RATIO,0.5648505406909171,0.02091557875613341,0.607491395789474,0.5280985373364127,433.0
legalbert,iltur_cl,shared_lora_widehead,RLC,0.0,0.0,0.0,0.0,23.0
legalbert,iltur_cl,shared_lora_widehead,RPC,0.47680491551459286,0.06652139310544851,0.43745232646834475,0.5833333333333334,12.0
legalbert,iltur_cl,shared_lora_widehead,STA,0.6814076878368782,0.038942368749221565,0.7412854030501089,0.6313725490196078,85.0
legalbert,iltur_it,category_lora,ARG,0.6035629076613487,0.00867994745203924,0.691932786782579,0.5358255451713395,107.0
legalbert,iltur_it,category_lora,FAC,0.7161670452759562,0.017513693575655877,0.6539465792658117,0.7938931297709924,131.0
legalbert,iltur_it,category_lora,PRE,0.5377972533049444,0.03251239579720844,0.6572537112010797,0.4553990610328638,142.0
legalbert,iltur_it,category_lora,RATIO,0.5668487740998215,0.02210825669490747,0.47030574257937113,0.7142857142857143,168.0
legalbert,iltur_it,category_lora,RLC,0.4147953927479691,0.01168491862663688,0.7436091686091686,0.2881944444444444,96.0
legalbert,iltur_it,category_lora,RPC,0.5647969052224372,0.027079303675048343,0.520066889632107,0.6190476190476191,21.0
legalbert,iltur_it,category_lora,STA,0.7811791383219955,0.017454426664785357,0.7578737224754923,0.8075601374570446,97.0
legalbert,iltur_it,frozen,ARG,0.05537174892013602,0.023497029274522373,0.2647058823529412,0.03115264797507788,107.0
legalbert,iltur_it,frozen,FAC,0.3281038818015414,0.035706481930887664,0.39454013283800515,0.2875318066157761,131.0
legalbert,iltur_it,frozen,PRE,0.07547571523619429,0.03835173045634879,0.4666666666666666,0.04225352112676056,142.0
legalbert,iltur_it,frozen,RATIO,0.3895028488121783,0.0005799816926050563,0.24897681018370674,0.8968253968253969,168.0
legalbert,iltur_it,frozen,RLC,0.0,0.0,0.0,0.0,96.0
legalbert,iltur_it,frozen,RPC,0.0,0.0,0.0,0.0,21.0
legalbert,iltur_it,frozen,STA,0.3666959723555661,0.024770712352158473,0.7236467236467238,0.24742268041237114,97.0
legalbert,iltur_it,full_ft,ARG,0.6306378994342179,0.016231106340785277,0.7749452521174641,0.5327102803738317,107.0
legalbert,iltur_it,full_ft,FAC,0.7404248931477101,0.014041715610679998,0.6737988798455739,0.8269720101781171,131.0
legalbert,iltur_it,full_ft,PRE,0.6309670781893004,0.04748886944642142,0.7637569879436924,0.5375586854460094,142.0
legalbert,iltur_it,full_ft,RATIO,0.606711028291811,0.011880263097791275,0.5108153781494864,0.75,168.0
legalbert,iltur_it,full_ft,RLC,0.46402812587023107,0.046799549804624516,0.7516209391209392,0.3368055555555556,96.0
legalbert,iltur_it,full_ft,RPC,0.6118135197341348,0.01585755097823003,0.5358363858363858,0.7142857142857143,21.0
legalbert,iltur_it,full_ft,STA,0.7675373841214487,0.012066251525862954,0.7290690518631694,0.8109965635738833,97.0
legalbert,iltur_it,role_adapter,ARG,0.6112538768276473,0.014815110000181719,0.7286324786324787,0.5264797507788161,107.0
legalbert,iltur_it,role_adapter,FAC,0.725424455640283,0.020690039030808363,0.6626061104230283,0.8040712468193384,131.0
legalbert,iltur_it,role_adapter,PRE,0.5262861335289802,0.03800740145153626,0.6492433293508563,0.44366197183098594,142.0
legalbert,iltur_it,role_adapter,RATIO,0.5716178600938367,0.01789568819322509,0.46996537634549274,0.7301587301587302,168.0
legalbert,iltur_it,role_adapter,RLC,0.3571542438113457,0.06468849247358269,0.7636607622114869,0.23611111111111113,96.0
legalbert,iltur_it,role_adapter,RPC,0.5724092785358392,0.04838525128508606,0.5277777777777778,0.6349206349206349,21.0
legalbert,iltur_it,role_adapter,STA,0.7674500117619384,0.023491043541666923,0.7190441665287208,0.8247422680412372,97.0
legalbert,iltur_it,shared_lora,ARG,0.4997191288760921,0.0601530803743105,0.5424247409807296,0.470404984423676,107.0
legalbert,iltur_it,shared_lora,FAC,0.6471509630412527,0.02461582830753823,0.5253563396071387,0.8473282442748092,131.0
legalbert,iltur_it,shared_lora,PRE,0.4445640722689903,0.0994184352896783,0.621436218165427,0.352112676056338,142.0
legalbert,iltur_it,shared_lora,RATIO,0.5706811775695811,0.007375362853094301,0.4661030999030423,0.736111111111111,168.0
legalbert,iltur_it,shared_lora,RLC,0.0,0.0,0.0,0.0,96.0
legalbert,iltur_it,shared_lora,RPC,0.0,0.0,0.0,0.0,21.0
legalbert,iltur_it,shared_lora,STA,0.7480847678235492,0.025202847998801837,0.7068346488565068,0.7972508591065292,97.0
legalbert,iltur_it,shared_lora_widehead,ARG,0.6253538713253893,0.019061222116840266,0.7916666666666666,0.5171339563862928,107.0
legalbert,iltur_it,shared_lora_widehead,FAC,0.7397513157230472,0.0090929944672504,0.6713365423416153,0.8244274809160306,131.0
legalbert,iltur_it,shared_lora_widehead,PRE,0.5451231493498883,0.011062869541399805,0.6689934809083745,0.460093896713615,142.0
legalbert,iltur_it,shared_lora_widehead,RATIO,0.5791070274397971,0.012002313679674513,0.47031407598279107,0.753968253968254,168.0
legalbert,iltur_it,shared_lora_widehead,RLC,0.40424936326575667,0.0400433006699229,0.8394586894586894,0.2673611111111111,96.0
legalbert,iltur_it,shared_lora_widehead,RPC,0.6075194486287944,0.04719495176926892,0.5603896103896103,0.6666666666666666,21.0
legalbert,iltur_it,shared_lora_widehead,STA,0.7832434059699418,0.02399122098216047,0.7448473887937052,0.8281786941580757,97.0
legalbert,legaleval,category_lora,ARG,0.720961864248344,0.00875345513085777,0.7594041011924061,0.6865671641791046,335.0
legalbert,legaleval,category_lora,FAC,0.877291561710175,0.002757532369361143,0.8573181113690905,0.898249452954048,914.0
legalbert,legaleval,category_lora,PRE,0.7468471358312815,0.008470948813210474,0.6735758872837524,0.8380281690140845,142.0
legalbert,legaleval,category_lora,RATIO,0.5570120086449122,0.01147668979540526,0.6113069902378078,0.5116279069767442,129.0
legalbert,legaleval,category_lora,RLC,0.577271399357289,0.016022825866744233,0.6249407302038881,0.5363984674329502,87.0
legalbert,legaleval,category_lora,RPC,0.8119336241879985,0.009505769332936325,0.8228214368969606,0.8013816925734023,193.0
legalbert,legaleval,category_lora,STA,0.7816711590296496,0.007002900839227212,0.844239261340827,0.7288135593220338,59.0
legalbert,legaleval,frozen,ARG,0.031144878368704786,0.008669529164612869,0.7777777777777778,0.015920398009950248,335.0
legalbert,legaleval,frozen,FAC,0.6692087075680045,0.003451481175165991,0.5037061764932055,0.9967177242888403,914.0
legalbert,legaleval,frozen,PRE,0.29072173159218384,0.03278364293224437,0.7632801057407209,0.18075117370892016,142.0
legalbert,legaleval,frozen,RATIO,0.0,0.0,0.0,0.0,129.0
legalbert,legaleval,frozen,RLC,0.0,0.0,0.0,0.0,87.0
legalbert,legaleval,frozen,RPC,0.04974252327193504,0.009212443461185545,0.6865800865800865,0.025906735751295335,193.0
legalbert,legaleval,frozen,STA,0.05482695810564663,0.01861402507223384,1.0,0.02824858757062147,59.0
legalbert,legaleval,full_ft,ARG,0.7321934247324678,0.0067694839788221975,0.7423847872335285,0.7223880597014926,335.0
legalbert,legaleval,full_ft,FAC,0.882096982543497,0.0011887562453666788,0.8560752983705414,0.9099197665937272,914.0
legalbert,legaleval,full_ft,PRE,0.7722290629267373,0.014247834123007203,0.735696448390677,0.8145539906103286,142.0
legalbert,legaleval,full_ft,RATIO,0.5553212838236644,0.0191618949560025,0.6504744042365401,0.4883720930232558,129.0
legalbert,legaleval,full_ft,RLC,0.61945923202166,0.03127180440247532,0.7031746031746032,0.5670498084291188,87.0
legalbert,legaleval,full_ft,RPC,0.8377113982750414,0.011683409760319782,0.8558247912153409,0.8203799654576857,193.0
legalbert,legaleval,full_ft,STA,0.818439234341375,0.006277678767947054,0.898639455782313,0.7514124293785311,59.0
legalbert,legaleval,role_adapter,ARG,0.7109935347111818,0.010502887700159759,0.7642661662366095,0.6646766169154229,335.0
legalbert,legaleval,role_adapter,FAC,0.8744869451913208,0.00323429600427936,0.8496768877692459,0.9008023340627279,914.0
legalbert,legaleval,role_adapter,PRE,0.7554565962558227,0.004115576283727042,0.6785026670454187,0.852112676056338,142.0
legalbert,legaleval,role_adapter,RATIO,0.5610076492060171,0.006229066155917174,0.6139023571389534,0.516795865633075,129.0
legalbert,legaleval,role_adapter,RLC,0.5862052528719195,0.012836071784726318,0.6726759644400947,0.521072796934866,87.0
legalbert,legaleval,role_adapter,RPC,0.8145889415130109,0.009603789670916036,0.817485528470066,0.8117443868739205,193.0
legalbert,legaleval,role_adapter,STA,0.790305349597385,0.029904054055020942,0.8407630858611251,0.7457627118644069,59.0
legalbert,legaleval,shared_lora,ARG,0.6954913855860229,0.006813347775323333,0.7307356089964786,0.663681592039801,335.0
legalbert,legaleval,shared_lora,FAC,0.8657100058813488,0.0020970456496273234,0.8377025340204357,0.8956965718453683,914.0
legalbert,legaleval,shared_lora,PRE,0.7475811888394697,0.018050929792808656,0.6740002004189597,0.84037558685446,142.0
legalbert,legaleval,shared_lora,RATIO,0.544030270367494,0.014954232824324192,0.6184646309884024,0.4857881136950904,129.0
legalbert,legaleval,shared_lora,RLC,0.4835613306176234,0.07812468076604999,0.6711311216943256,0.3946360153256705,87.0
legalbert,legaleval,shared_lora,RPC,0.8095727735442045,0.00996713062250918,0.7975383046619663,0.8221070811744386,193.0
legalbert,legaleval,shared_lora,STA,0.7232197466142422,0.03345797098559752,0.8164251207729469,0.6497175141242938,59.0
legalbert,legaleval,shared_lora_widehead,ARG,0.7218945819326347,0.0034573969201177218,0.7689712834960662,0.6805970149253732,335.0
legalbert,legaleval,shared_lora_widehead,FAC,0.8735051934416829,0.0016136717910245403,0.8505135863950812,0.8978847556528082,914.0
legalbert,legaleval,shared_lora_widehead,PRE,0.7449671804295273,0.03714656626962006,0.6684760666775683,0.8427230046948356,142.0
legalbert,legaleval,shared_lora_widehead,RATIO,0.5422797157797564,0.024717093170261148,0.6325818794253869,0.4754521963824289,129.0
legalbert,legaleval,shared_lora_widehead,RLC,0.5686246554510027,0.019753469208738925,0.6123725508261163,0.5325670498084292,87.0
legalbert,legaleval,shared_lora_widehead,RPC,0.8072000168973522,0.0018926990768327473,0.8050219988158949,0.8100172711571675,193.0
legalbert,legaleval,shared_lora_widehead,STA,0.7687291128693824,0.02226646743674643,0.8366402116402116,0.711864406779661,59.0
legalbert,marro_india,category_lora,ARG,0.7152709359605911,0.0017064539976048064,0.7604395604395604,0.6755555555555555,150.0
legalbert,marro_india,category_lora,FAC,0.649816420919883,0.013665986684275471,0.6445496145781621,0.6558558558558558,555.0
legalbert,marro_india,category_lora,PRE,0.3377272393105842,0.04337072488108564,0.7468529338465372,0.2190721649484536,388.0
legalbert,marro_india,category_lora,RATIO,0.660797606937269,0.013266424550744732,0.5278224063645317,0.8839451242120875,899.0
legalbert,marro_india,category_lora,RLC,0.06967411673294026,0.044143079676187635,0.8434065934065934,0.03664921465968586,191.0
legalbert,marro_india,category_lora,RPC,0.5232746848379403,0.014907690498860662,0.8490439276485788,0.3786407766990291,103.0
legalbert,marro_india,category_lora,STA,0.6643608960745914,0.04316243736067087,0.8169770481091235,0.561904761904762,280.0
legalbert,marro_india,frozen,ARG,0.0,0.0,0.0,0.0,150.0
legalbert,marro_india,frozen,FAC,0.25472955512171197,0.03940131611410506,0.6050311631748891,0.16276276276276277,555.0
legalbert,marro_india,frozen,PRE,0.0,0.0,0.0,0.0,388.0
legalbert,marro_india,frozen,RATIO,0.5311295912564454,0.0016317366324364092,0.3646051863660216,0.9777530589543938,899.0
legalbert,marro_india,frozen,RLC,0.0,0.0,0.0,0.0,191.0
legalbert,marro_india,frozen,RPC,0.00634920634920635,0.0109971479845643,0.16666666666666666,0.0032362459546925564,103.0
legalbert,marro_india,frozen,STA,0.016448923727759114,0.010670751551556805,0.7666666666666666,0.008333333333333333,280.0
legalbert,marro_india,full_ft,ARG,0.7128152740049375,0.018985117029643762,0.728519166019166,0.6977777777777777,150.0
legalbert,marro_india,full_ft,FAC,0.6228948265587809,0.008605945917655773,0.6514261857137345,0.5993993993993995,555.0
legalbert,marro_india,full_ft,PRE,0.4105746102601759,0.0264246126375583,0.695327468230694,0.2920962199312715,388.0
legalbert,marro_india,full_ft,RATIO,0.6668765483679943,0.003795788269815153,0.5408670698137721,0.8698553948832036,899.0
legalbert,marro_india,full_ft,RLC,0.19939730511684786,0.055861803356291026,0.8915306915306916,0.11343804537521814,191.0
legalbert,marro_india,full_ft,RPC,0.5012644153726548,0.029770565815806296,0.8226976382712318,0.3624595469255663,103.0
legalbert,marro_india,full_ft,STA,0.7167786158667533,0.014160012133356385,0.7973348013490743,0.6511904761904762,280.0
legalbert,marro_india,role_adapter,ARG,0.7276057276057276,0.013489596470548808,0.7711161387631975,0.6888888888888888,150.0
legalbert,marro_india,role_adapter,FAC,0.6326232303742411,0.026022967556677837,0.6475506522538174,0.6198198198198198,555.0
legalbert,marro_india,role_adapter,PRE,0.35896186934413504,0.017001982299065212,0.7244444956194219,0.23883161512027493,388.0
legalbert,marro_india,role_adapter,RATIO,0.6616147567580846,0.001584757972535502,0.5277056550958185,0.8869113830181683,899.0
legalbert,marro_india,role_adapter,RLC,0.09845047859345589,0.028414701971754004,0.8465608465608465,0.05235602094240838,191.0
legalbert,marro_india,role_adapter,RPC,0.5243455927741144,0.013103247803351098,0.8376236858379715,0.38187702265372164,103.0
legalbert,marro_india,role_adapter,STA,0.6862808653166574,0.015822460809350736,0.8174618876071906,0.5916666666666667,280.0
legalbert,marro_india,shared_lora,ARG,0.7216777318029158,0.018346928875741672,0.74485858430123,0.7000000000000001,150.0
legalbert,marro_india,shared_lora,FAC,0.6285151626488181,0.017530737148446395,0.6361490114481544,0.6216216216216216,555.0
legalbert,marro_india,shared_lora,PRE,0.2920684169681433,0.05631917376026535,0.7188357223369343,0.18470790378006874,388.0
legalbert,marro_india,shared_lora,RATIO,0.6534522860339443,0.00897233885996979,0.5173921315853728,0.8872821653689286,899.0
legalbert,marro_india,shared_lora,RLC,0.030735435199720915,0.020301891844999087,0.9166666666666666,0.015706806282722512,191.0
legalbert,marro_india,shared_lora,RPC,0.5160784621753993,0.03328887842616412,0.8474293563579277,0.372168284789644,103.0
legalbert,marro_india,shared_lora,STA,0.6594408841831522,0.034336623095929275,0.8154471544715447,0.555952380952381,280.0
legalbert,marro_india,shared_lora_widehead,ARG,0.7115324490501216,0.01853471098464259,0.746329032536294,0.68,150.0
legalbert,marro_india,shared_lora_widehead,FAC,0.613382792316298,0.03266206359145571,0.629103446505555,0.6018018018018019,555.0
legalbert,marro_india,shared_lora_widehead,PRE,0.35657015615586785,0.027916110033868385,0.7338368006079605,0.23625429553264607,388.0
legalbert,marro_india,shared_lora_widehead,RATIO,0.6556663744124624,0.003431272603240541,0.521677721158227,0.8824619948090472,899.0
legalbert,marro_india,shared_lora_widehead,RLC,0.04016002461917218,0.0454843474389796,0.6333333333333333,0.02094240837696335,191.0
legalbert,marro_india,shared_lora_widehead,RPC,0.5295194404327018,0.008654513927471156,0.8209962716900737,0.3915857605177993,103.0
legalbert,marro_india,shared_lora_widehead,STA,0.6641319188619654,0.03994436371591893,0.8032587228439763,0.5666666666666668,280.0
legalbert,marro_uk,category_lora,ARG,0.37142857142857144,0.03433858357584754,0.47049424005945745,0.30833333333333335,40.0
legalbert,marro_uk,category_lora,FAC,0.5795581535404245,0.009850871147949119,0.4957597153748104,0.6974697469746974,303.0
legalbert,marro_uk,category_lora,PRE,0.3300800181794537,0.017880675412509872,0.43060562665796054,0.2682445759368836,169.0
legalbert,marro_uk,category_lora,RATIO,0.807765210535862,0.0025548618382423157,0.8427545376688877,0.7756076388888888,1536.0
legalbert,marro_uk,category_lora,RLC,0.19773260774045523,0.06679657552140766,0.1884320327616933,0.20833333333333334,40.0
legalbert,marro_uk,category_lora,RPC,0.4915942028985507,0.06340873699188558,0.44841269841269843,0.5454545454545454,11.0
legalbert,marro_uk,category_lora,STA,0.4873544973544974,0.009026825637329842,0.37102408530979963,0.70995670995671,77.0
legalbert,marro_uk,frozen,ARG,0.0,0.0,0.0,0.0,40.0
legalbert,marro_uk,frozen,FAC,0.08364524270454128,0.07960515615914633,0.6327913279132792,0.04620462046204621,303.0
legalbert,marro_uk,frozen,PRE,0.0,0.0,0.0,0.0,169.0
legalbert,marro_uk,frozen,RATIO,0.8288693304927729,0.0019288804186511882,0.7098456112842304,0.9958767361111112,1536.0
legalbert,marro_uk,frozen,RLC,0.0,0.0,0.0,0.0,40.0
legalbert,marro_uk,frozen,RPC,0.0,0.0,0.0,0.0,11.0
legalbert,marro_uk,frozen,STA,0.0,0.0,0.0,0.0,77.0
legalbert,marro_uk,full_ft,ARG,0.35407459292984883,0.031558890841300445,0.3807680359404497,0.3333333333333333,40.0
legalbert,marro_uk,full_ft,FAC,0.5537642037296425,0.009365143060159769,0.46409080730709046,0.6886688668866886,303.0
legalbert,marro_uk,full_ft,PRE,0.33365720964614415,0.026449942282663813,0.29805513823542057,0.3826429980276134,169.0
legalbert,marro_uk,full_ft,RATIO,0.7643868233334364,0.01734498718340043,0.8607103764119163,0.6885850694444443,1536.0
legalbert,marro_uk,full_ft,RLC,0.2157321564878425,0.01292759148769408,0.19515038087733125,0.24166666666666667,40.0
legalbert,marro_uk,full_ft,RPC,0.5,0.038461538461538436,0.44273504273504277,0.5757575757575757,11.0
legalbert,marro_uk,full_ft,STA,0.4371109425853952,0.004924836604136218,0.3135167311040706,0.7272727272727272,77.0
legalbert,marro_uk,role_adapter,ARG,0.385942760942761,0.009807390738830841,0.4791666666666667,0.325,40.0
legalbert,marro_uk,role_adapter,FAC,0.5805100145006666,0.0028903429774987427,0.4989379991852325,0.6941694169416941,303.0
legalbert,marro_uk,role_adapter,PRE,0.3273210604567165,0.01654039806719632,0.41677604232512344,0.2702169625246548,169.0
legalbert,marro_uk,role_adapter,RATIO,0.8092856159423102,0.003985097993219207,0.8457764020644033,0.7758246527777778,1536.0
legalbert,marro_uk,role_adapter,RLC,0.2088178217995662,0.0025910701063660553,0.2025685259727813,0.21666666666666667,40.0
legalbert,marro_uk,role_adapter,RPC,0.4995061728395062,0.0192640070121378,0.4738756613756614,0.5454545454545454,11.0
legalbert,marro_uk,role_adapter,STA,0.4914969188096941,0.01854285852700595,0.37010615711252653,0.7316017316017316,77.0
legalbert,marro_uk,shared_lora,ARG,0.08163265306122448,0.14139190265868387,0.2222222222222222,0.049999999999999996,40.0
legalbert,marro_uk,shared_lora,FAC,0.5744221813862677,0.0197312122414391,0.4785630974846975,0.7183718371837183,303.0
legalbert,marro_uk,shared_lora,PRE,0.2422348300123535,0.02999684672593892,0.40473783244867584,0.1755424063116371,169.0
legalbert,marro_uk,shared_lora,RATIO,0.8112158675585338,0.003634205359541763,0.8358928909572163,0.7879774305555557,1536.0
legalbert,marro_uk,shared_lora,RLC,0.10926719738722189,0.028114135774752545,0.1382461994809047,0.09166666666666667,40.0
legalbert,marro_uk,shared_lora,RPC,0.5114529914529915,0.184345481716831,0.7857142857142857,0.4545454545454546,11.0
legalbert,marro_uk,shared_lora,STA,0.4971090729574006,0.005381846256617767,0.36798727166731443,0.7662337662337663,77.0
legalbert,marro_uk,shared_lora_widehead,ARG,0.31390847958012136,0.08645167216242264,0.4331481481481481,0.25,40.0
legalbert,marro_uk,shared_lora_widehead,FAC,0.5804682579929925,0.005474953480062478,0.49509728278324355,0.7018701870187019,303.0
legalbert,marro_uk,shared_lora_widehead,PRE,0.2982534336021044,0.023045723625417968,0.4125441628878,0.23471400394477318,169.0
legalbert,marro_uk,shared_lora_widehead,RATIO,0.8122090765956358,0.0029263676271096685,0.8412186849861757,0.78515625,1536.0
legalbert,marro_uk,shared_lora_widehead,RLC,0.17858504958047292,0.05606723515733722,0.2078544061302682,0.15833333333333333,40.0
legalbert,marro_uk,shared_lora_widehead,RPC,0.5515873015873015,0.04507070115714499,0.5333333333333333,0.5757575757575757,11.0
legalbert,marro_uk,shared_lora_widehead,STA,0.5064564284381414,0.007729535059574166,0.3815509109626756,0.7532467532467533,77.0
