dataset_key,method_key,rank,alpha,macro_f1,weighted_f1,accuracy,parameters_trainable,trainable_pct,train_seconds,peak_gpu_memory_gb,run_name
iltur_cl,category_lora,16,32,0.5550675449881023,0.6147261594038881,0.6184738955823293,767239,0.6959116786393158,115.25858068466187,3.045527935028076,rank__inlegalbert__r16a32__iltur_cl__category_lora__seed42
iltur_it,category_lora,32,64,0.6635562706613995,0.661214654245598,0.6653543307086615,1529095,1.3774224046580468,77.39792227745056,3.061000347137451,rank__inlegalbert__r32a64__iltur_it__category_lora__seed42
legaleval,category_lora,8,16,0.7683991597993184,0.8210920814969382,0.8230231307154384,386311,0.3516119913149669,148.47792720794678,3.0377917289733887,main__inlegalbert__r8a16__legaleval__category_lora__seed42
marro_india,category_lora,32,64,0.5747137144606942,0.615877566722076,0.6438035853468433,1529095,1.3774224046580468,335.25426745414734,3.061000347137451,rank__inlegalbert__r32a64__marro_india__category_lora__seed42
marro_uk,category_lora,2,4,0.4843045659217716,0.7037226586142796,0.7017463235294118,100615,0.09181637036195124,166.81159734725952,3.031989574432373,rank__inlegalbert__r2a4__marro_uk__category_lora__seed42
iltur_cl,role_adapter,16,32,0.5508647124078944,0.6200099767644971,0.623293172690763,767239,0.6959116786393158,118.39734697341919,3.045527935028076,rank__inlegalbert__r16a32__iltur_cl__role_adapter__seed42
iltur_it,role_adapter,32,64,0.643460065081041,0.651044092119023,0.65748031496063,1529095,1.3774224046580468,54.689491510391235,3.061000347137451,rank__inlegalbert__r32a64__iltur_it__role_adapter__seed42
legaleval,role_adapter,8,16,0.7655167742955555,0.8196798776153209,0.8214093598708984,386311,0.3516119913149669,148.59342527389526,3.0377917289733887,main__inlegalbert__r8a16__legaleval__role_adapter__seed42
marro_india,role_adapter,32,64,0.5836461360202064,0.6261471819610023,0.6551052221356196,1529095,1.3774224046580468,333.86203598976135,3.061000347137451,rank__inlegalbert__r32a64__marro_india__role_adapter__seed42
marro_uk,role_adapter,8,16,0.49126712874947015,0.7025530533763777,0.6953125,386311,0.3516119913149669,157.2999768257141,3.0377917289733887,main__inlegalbert__r8a16__marro_uk__role_adapter__seed42
iltur_cl,shared_lora,16,32,0.5478364402455436,0.6249546741052059,0.6345381526104418,595207,0.5406901330570807,119.14580130577087,3.043625831604004,rank__inlegalbert__r16a32__iltur_cl__shared_lora__seed42
iltur_it,shared_lora,32,64,0.6293973893423408,0.633296857697592,0.6404199475065617,1185031,1.0707532142492941,79.6479868888855,3.057175636291504,rank__inlegalbert__r32a64__iltur_it__shared_lora__seed42
legaleval,shared_lora,32,64,0.757584944992235,0.814298869065897,0.8165680473372781,1185031,1.0707532142492941,149.1391339302063,3.057175636291504,rank__inlegalbert__r32a64__legaleval__shared_lora__seed42
marro_india,shared_lora,32,64,0.5662775536500897,0.6032471730484037,0.6375681995323461,1185031,1.0707532142492941,325.980441570282,3.057175636291504,rank__inlegalbert__r32a64__marro_india__shared_lora__seed42
marro_uk,shared_lora,16,32,0.46501658308422,0.7000848573144953,0.6939338235294118,595207,0.5406901330570807,160.82600808143616,3.043625831604004,rank__inlegalbert__r16a32__marro_uk__shared_lora__seed42
