method_key,rank,datasets,macro_f1_mean,macro_f1_std,parameters_trainable,train_seconds_mean,peak_vram_gb_mean
category_lora,2,5,0.596638926333189,0.10686716802022656,100615.0,174.10056896209716,3.031989574432373
category_lora,4,5,0.5863377376791019,0.10168959752985728,195847.0,173.71741547584534,3.033923625946045
category_lora,8,5,0.6006965196699438,0.10959031821839717,386311.0,167.26476759910582,3.0377917289733887
category_lora,16,5,0.6019464014875868,0.10666280306752048,767239.0,165.88152885437012,3.045527935028076
category_lora,32,5,0.5937982905317403,0.12205030601358663,1529095.0,169.49748044013978,3.061000347137451
role_adapter,2,5,0.5859864972417229,0.10407319077843628,100615.0,171.89008889198303,3.031989574432373
role_adapter,4,5,0.5958025327196002,0.1103312242676583,195847.0,166.22089886665344,3.033923625946045
role_adapter,8,5,0.6046596298938078,0.10494885856440331,386311.0,167.1802839279175,3.0377917289733887
role_adapter,16,5,0.6007455425347975,0.1070875959119889,767239.0,166.76027278900148,3.045527935028076
role_adapter,32,5,0.5953683696394882,0.11161873483267704,1529095.0,164.6649700164795,3.061000347137451
shared_lora,2,5,0.5025271448952178,0.13530381888101725,79111.0,165.95865254402162,3.0317697525024414
shared_lora,4,5,0.5410845055674814,0.12293413431223853,152839.0,169.16217079162598,3.033463478088379
shared_lora,8,5,0.5748401248901905,0.11100974707492801,300295.0,164.49481563568116,3.036850929260254
shared_lora,16,5,0.5883808012383845,0.1066988114891443,595207.0,169.95350613594056,3.043625831604004
shared_lora,32,5,0.5915528537027436,0.11070504025645238,1185031.0,164.17593207359315,3.057175636291504
