,ArgumentPetitioner,ArgumentRespondent,Fact,Issue,None,PrecedentNotReliedUpon,PrecedentOverruled,PrecedentReliedUpon,RatioOfTheDecision,RulingByLowerCourt,RulingByPresentCourt,Statute
ArgumentPetitioner,29,0,7,0,0,0,0,2,15,0,0,0
ArgumentRespondent,29,0,2,0,0,0,0,0,20,0,0,3
Fact,4,0,103,1,2,0,0,3,16,1,1,0
Issue,3,0,1,7,0,0,0,0,0,0,0,0
None,0,0,4,0,5,0,0,0,5,0,3,1
PrecedentNotReliedUpon,0,0,0,0,0,0,0,6,2,0,0,0
PrecedentOverruled,0,0,0,0,0,0,0,0,0,0,0,0
PrecedentReliedUpon,3,0,5,1,0,0,0,54,63,0,0,8
RatioOfTheDecision,3,0,12,1,0,0,0,5,132,0,3,12
RulingByLowerCourt,2,0,27,0,2,0,0,13,31,13,7,1
RulingByPresentCourt,0,0,0,0,1,0,0,0,6,0,14,0
Statute,0,0,2,0,0,0,0,0,15,0,0,80
