dataset,split,rows,documents,labels,label_names,file,sha256
legaleval,train,26923,243,13,ANALYSIS|ARG_PETITIONER|ARG_RESPONDENT|FAC|ISSUE|NONE|PREAMBLE|PRE_NOT_RELIED|PRE_RELIED|RATIO|RLC|RPC|STA,data/tasks/native_eval/native__legaleval.parquet,38244a99d1f198607e5e95cfae0236380afc4dfd25326bc20272d4f07ee40d19
legaleval,dev,2812,30,13,ANALYSIS|ARG_PETITIONER|ARG_RESPONDENT|FAC|ISSUE|NONE|PREAMBLE|PRE_NOT_RELIED|PRE_RELIED|RATIO|RLC|RPC|STA,data/tasks/native_eval/native__legaleval.parquet,38244a99d1f198607e5e95cfae0236380afc4dfd25326bc20272d4f07ee40d19
legaleval,test,4023,50,13,ANALYSIS|ARG_PETITIONER|ARG_RESPONDENT|FAC|ISSUE|NONE|PREAMBLE|PRE_NOT_RELIED|PRE_RELIED|RATIO|RLC|RPC|STA,data/tasks/native_eval/native__legaleval.parquet,38244a99d1f198607e5e95cfae0236380afc4dfd25326bc20272d4f07ee40d19
iltur_cl,train,10113,40,12,ArgumentPetitioner|ArgumentRespondent|Dissent|Fact|Issue|None|PrecedentNotReliedUpon|PrecedentReliedUpon|RatioOfTheDecision|RulingByLowerCourt|RulingByPresentCourt|Statute,data/tasks/native_eval/native__iltur_cl.parquet,6fff3b59bded6b7d4af042623e3398c23d045a8ab48e0ad68a77faadc8c517ad
iltur_cl,dev,1326,5,10,ArgumentPetitioner|ArgumentRespondent|Fact|Issue|None|PrecedentReliedUpon|RatioOfTheDecision|RulingByLowerCourt|RulingByPresentCourt|Statute,data/tasks/native_eval/native__iltur_cl.parquet,6fff3b59bded6b7d4af042623e3398c23d045a8ab48e0ad68a77faadc8c517ad
iltur_cl,test,1319,5,12,ArgumentPetitioner|ArgumentRespondent|Dissent|Fact|Issue|None|PrecedentNotReliedUpon|PrecedentReliedUpon|RatioOfTheDecision|RulingByLowerCourt|RulingByPresentCourt|Statute,data/tasks/native_eval/native__iltur_cl.parquet,6fff3b59bded6b7d4af042623e3398c23d045a8ab48e0ad68a77faadc8c517ad
iltur_it,train,6091,40,12,ArgumentPetitioner|ArgumentRespondent|Fact|Issue|None|PrecedentNotReliedUpon|PrecedentOverruled|PrecedentReliedUpon|RatioOfTheDecision|RulingByLowerCourt|RulingByPresentCourt|Statute,data/tasks/native_eval/native__iltur_it.parquet,323381b57aef1aab6c7b5fe2da37f1e0d221fc1a41678a992d6eab90ce5648d5
iltur_it,dev,742,5,11,ArgumentPetitioner|ArgumentRespondent|Fact|Issue|None|PrecedentNotReliedUpon|PrecedentReliedUpon|RatioOfTheDecision|RulingByLowerCourt|RulingByPresentCourt|Statute,data/tasks/native_eval/native__iltur_it.parquet,323381b57aef1aab6c7b5fe2da37f1e0d221fc1a41678a992d6eab90ce5648d5
iltur_it,test,791,5,11,ArgumentPetitioner|ArgumentRespondent|Fact|Issue|None|PrecedentNotReliedUpon|PrecedentReliedUpon|RatioOfTheDecision|RulingByLowerCourt|RulingByPresentCourt|Statute,data/tasks/native_eval/native__iltur_it.parquet,323381b57aef1aab6c7b5fe2da37f1e0d221fc1a41678a992d6eab90ce5648d5
