source,target,train_rows,dev_rows,test_rows,train_removed_against_target_test,dev_removed_against_target_test,remaining_train_test_overlap,remaining_dev_test_overlap,sha256,file
legaleval,marro_india,11644,1120,2566,2,4,0,0,258165f7a7838494dc1a96d6fadf35f8202251a58a2b295a76daff9fcc060c95,data/tasks/transfer/xfer__legaleval__to__marro_india.parquet
legaleval,marro_uk,11646,1124,2176,0,0,0,0,79221ac070e09ca5b07014e738fc179f9c31ac2eac6d3c6e5486e5997a7046b2,data/tasks/transfer/xfer__legaleval__to__marro_uk.parquet
legaleval,iltur_cl,11645,1123,1245,1,1,0,0,834edb998cadf6b827520a35846f6fe7ec040b1fdb3597523b4511611761489a,data/tasks/transfer/xfer__legaleval__to__iltur_cl.parquet
legaleval,iltur_it,11644,1124,762,2,0,0,0,d67a1830c7ff7cb0056621992d7454001014b6b2ac5abc02c0da3699a655aeca,data/tasks/transfer/xfer__legaleval__to__iltur_it.parquet
marro_india,legaleval,26854,3545,1859,12,1,0,0,52b15e96de5b90c277974618fb6650957fe08f974fe5aad4c0b3daed816fc86c,data/tasks/transfer/xfer__marro_india__to__legaleval.parquet
marro_india,marro_uk,26866,3546,2176,0,0,0,0,bc9d9dbad1f55f185c24069b27e741ef4db04507899b9ebe9e7595e874aef6b2,data/tasks/transfer/xfer__marro_india__to__marro_uk.parquet
marro_india,iltur_cl,26864,3546,1245,2,0,0,0,ff3a630c927d46652db8dbef04d32f99bda3f07def985780ed1719621f61a4dd,data/tasks/transfer/xfer__marro_india__to__iltur_cl.parquet
marro_india,iltur_it,26866,3546,762,0,0,0,0,caaa5a3e87855d5cc438cacd36866f384b1354dc60a5afd96ef2a36eea51cc46,data/tasks/transfer/xfer__marro_india__to__iltur_it.parquet
marro_uk,legaleval,14082,3636,1859,2,1,0,0,c61938dea903fe64068036c6408978dcbf3d891ca78c2acb67e8fd43ebe6a31d,data/tasks/transfer/xfer__marro_uk__to__legaleval.parquet
marro_uk,marro_india,14082,3634,2566,2,3,0,0,44eff33f33849d4f56f44fc26951ee68db7baa212d0d8153d246ff6c1f72909a,data/tasks/transfer/xfer__marro_uk__to__marro_india.parquet
marro_uk,iltur_cl,14084,3637,1245,0,0,0,0,b04c15b946fe9d395deabb5a4192c457a2aebf0706553a4337b72ccb4fbc0b89,data/tasks/transfer/xfer__marro_uk__to__iltur_cl.parquet
marro_uk,iltur_it,14084,3637,762,0,0,0,0,47000c8042935190f7dd112666b560c4c89b874f30578302fec5286054a1d899,data/tasks/transfer/xfer__marro_uk__to__iltur_it.parquet
iltur_cl,legaleval,9761,1319,1859,0,2,0,0,b9030408c83ce704296f820d1b56c64f598e100449c2baa80568f694befe198f,data/tasks/transfer/xfer__iltur_cl__to__legaleval.parquet
iltur_cl,marro_india,9759,1320,2566,2,1,0,0,8db91a21fddb08cf2b7e460cce7121e7829e1b47564e8aead210b09895848872,data/tasks/transfer/xfer__iltur_cl__to__marro_india.parquet
iltur_cl,marro_uk,9761,1321,2176,0,0,0,0,150eea48027a087d7d1fb6c82426a00f1c733c3473e48a06da4e6f63e13f4f41,data/tasks/transfer/xfer__iltur_cl__to__marro_uk.parquet
iltur_cl,iltur_it,9761,1321,762,0,0,0,0,51d83892b2803736a9ee6993aab26c4a22e32a9018b317903fc7365fdf4e3be9,data/tasks/transfer/xfer__iltur_cl__to__iltur_it.parquet
iltur_it,legaleval,5783,698,1859,3,1,0,0,6d029687dc6161c1f83c689569c75d7ba4cc99de21f259a13178250c7a6f32cd,data/tasks/transfer/xfer__iltur_it__to__legaleval.parquet
iltur_it,marro_india,5782,698,2566,4,1,0,0,808296310acc0dbeb0cbeca08c5d534d620dd8722747a45ac6962f2578d02553,data/tasks/transfer/xfer__iltur_it__to__marro_india.parquet
iltur_it,marro_uk,5786,699,2176,0,0,0,0,90423c124e0172b460f073a3befd3b21e6c1e08b8bea5586d37658f1af65ffcc,data/tasks/transfer/xfer__iltur_it__to__marro_uk.parquet
iltur_it,iltur_cl,5785,699,1245,1,0,0,0,e28f07d56753fbe8eb1c0234d55b0e0334464bf1ae12acbeea05132595f9535d,data/tasks/transfer/xfer__iltur_it__to__iltur_cl.parquet
