,ANALYSIS,ARG_PETITIONER,ARG_RESPONDENT,FAC,ISSUE,NONE,PREAMBLE,PRE_NOT_RELIED,PRE_RELIED,RATIO,RLC,RPC,STA
ANALYSIS,980,37,11,141,2,9,9,0,24,7,6,5,9
ARG_PETITIONER,82,101,33,27,0,3,2,0,1,3,0,1,0
ARG_RESPONDENT,15,25,33,7,0,1,0,0,0,1,0,0,0
FAC,166,16,2,691,1,4,8,0,4,0,14,8,0
ISSUE,2,0,0,2,39,0,0,0,0,0,0,0,0
NONE,8,2,0,2,0,195,24,0,1,0,0,4,0
PREAMBLE,84,5,0,59,3,22,453,0,1,1,10,4,3
PRE_NOT_RELIED,0,0,0,0,0,0,0,0,1,0,0,0,0
PRE_RELIED,58,2,1,7,0,2,0,0,68,0,0,1,2
RATIO,102,2,0,1,0,0,1,0,2,11,1,9,0
RLC,11,0,0,19,0,0,1,0,2,0,50,4,0
RPC,16,1,0,6,0,8,1,0,0,2,0,159,0
STA,17,0,0,1,0,2,5,0,1,0,0,0,33
