dataset,method,macro_f1_mean,macro_f1_std,weighted_f1_mean,accuracy_mean
iltur_cl,full_ft,0.3136271784488585,0.0049389686274551045,0.5257390426076403,0.5564821834723276
iltur_cl,role_adapter,0.29714898414729446,0.006430835624582358,0.5129456064022521,0.5564821834723275
iltur_cl,shared_lora,0.29646176726974366,0.011641655669678718,0.5165614202331064,0.5547131665403083
iltur_it,full_ft,0.4932492645366495,0.0016479801204047656,0.5760972771060201,0.5988200589970502
iltur_it,role_adapter,0.4937493012172089,0.004257687623680144,0.5709517920132213,0.5929203539823008
iltur_it,shared_lora,0.4175253342433227,0.02467514047573415,0.49859603715394973,0.5478297513695743
legaleval,full_ft,0.5883681701459592,0.004975089837655448,0.695148133304424,0.7004722843649018
legaleval,role_adapter,0.5807095598386834,0.002593595245458682,0.6938533461244326,0.7027922777363492
legaleval,shared_lora,0.5395027139696608,0.004099563813270014,0.6792131942944,0.6942580164056674
