dataset,method,seed,macro_f1,weighted_f1,accuracy,train_seconds,peak_gpu_memory_gb
iltur_cl,full_ft,42,0.31454896589384634,0.5163928280259109,0.5420773313115997,360.77763962745667,4.605820178985596
iltur_cl,full_ft,43,0.3180403120172897,0.5327006909443512,0.5784685367702805,364.94475626945496,4.590761661529541
iltur_cl,full_ft,44,0.3082922574354395,0.5281236088526585,0.5489006823351024,362.35122776031494,4.604677677154541
iltur_cl,role_adapter,42,0.29641166250415846,0.5107069593746149,0.5435936315390447,266.80204224586487,3.0735116004943848
iltur_cl,role_adapter,43,0.29111858922396383,0.5193811620353093,0.5633055344958302,272.5363907814026,3.0776619911193848
iltur_cl,role_adapter,44,0.30391670071376103,0.5087486977968321,0.5625473843821076,272.56454706192017,3.0735116004943848
iltur_cl,shared_lora,42,0.30292943621631335,0.5099767639395686,0.5466262319939348,263.7481987476349,3.0718984603881836
iltur_cl,shared_lora,43,0.28302229266320184,0.5060085875796052,0.5428354814253222,265.09660959243774,3.0760488510131836
iltur_cl,shared_lora,44,0.3034335729297159,0.5336989091801454,0.574677786201668,266.3927981853485,3.0718984603881836
iltur_it,full_ft,42,0.4914929597892312,0.576219631133785,0.6005056890012642,241.38455891609192,4.602968692779541
iltur_it,full_ft,43,0.49349307969491546,0.5806889545142884,0.606826801517067,245.45013570785522,4.591005802154541
iltur_it,full_ft,44,0.49476175412580187,0.5713832456699867,0.5891276864728192,243.41744232177734,4.593935489654541
iltur_it,role_adapter,42,0.48920094726081004,0.5680897015198385,0.5878634639696586,183.21896171569824,3.0733895301818848
iltur_it,role_adapter,43,0.49763972728398415,0.5782921736603427,0.6042983565107459,186.5091154575348,3.0785164833068848
iltur_it,role_adapter,44,0.49440722910683255,0.5664735008594828,0.5865992414664981,188.06565856933594,3.0719246864318848
iltur_it,shared_lora,42,0.39114998924576994,0.47064141586307556,0.5309734513274337,178.16980004310608,3.0717763900756836
iltur_it,shared_lora,43,0.44004673266973726,0.5081278434441353,0.5524652338811631,185.60503697395325,3.0769033432006836
iltur_it,shared_lora,44,0.42137928081446085,0.5170188521546384,0.5600505689001264,184.38990545272827,3.0703115463256836
legaleval,full_ft,42,0.5837925375649017,0.692671460033475,0.6982351478995774,968.0510332584381,4.597728252410889
legaleval,full_ft,43,0.5876477961574138,0.6974091664542705,0.7029579915485956,976.9370930194855,4.595836162567139
legaleval,full_ft,44,0.5936641767155622,0.6953637734255268,0.7002237136465325,968.2106840610504,4.610057353973389
legaleval,role_adapter,42,0.5800524876835527,0.6956864943423585,0.7056922694506587,728.9106824398041,3.069385051727295
legaleval,role_adapter,43,0.5785076950716236,0.6900676605210436,0.6992294307730549,733.4877893924713,3.082202434539795
legaleval,role_adapter,44,0.583568496760874,0.6958058835098956,0.7034551329853344,729.3627781867981,3.081103801727295
legaleval,shared_lora,42,0.5430837267981442,0.6826314638475247,0.6977380064628387,722.8953132629395,3.0676374435424805
legaleval,shared_lora,43,0.5350310354608397,0.6762159980049222,0.692020879940343,725.157675743103,3.0804548263549805
legaleval,shared_lora,44,0.5403933796499983,0.6787921210307528,0.6930151628138206,726.765899181366,3.0793561935424805
