source,target,role_adapter_f1,shared_lora_f1,delta_role_minus_shared
iltur_cl,iltur_it,0.49750179850790505,0.48877863244955083,0.008723166058354215
iltur_cl,legaleval,0.5535019275559954,0.5145884116774645,0.03891351587853087
iltur_cl,marro_india,0.49170346948059834,0.4544014119022129,0.03730205757838545
iltur_cl,marro_uk,0.31298532850232713,0.29126357599008074,0.021721752512246395
iltur_it,iltur_cl,0.5150394108759034,0.5145169057879312,0.000522505087972247
iltur_it,legaleval,0.6696818532476009,0.6207399994802095,0.04894185376739135
iltur_it,marro_india,0.6052954960920232,0.5437659496757697,0.06152954641625341
iltur_it,marro_uk,0.4118560684023556,0.41958278972834223,-0.0077267213259866185
legaleval,iltur_cl,0.45241650659956134,0.4439741441463498,0.00844236245321156
legaleval,iltur_it,0.5235924868282805,0.5309317061929101,-0.007339219364629557
legaleval,marro_india,0.5559191240380857,0.53539005259016,0.020529071447925706
legaleval,marro_uk,0.3225955364814466,0.31971166051901007,0.002883875962436555
marro_india,iltur_cl,0.5190404057842067,0.5165747234592862,0.002465682324920504
marro_india,iltur_it,0.49527595865541435,0.4649731861553847,0.030302772500029662
marro_india,legaleval,0.554412983985395,0.5344850393165709,0.019927944668824082
marro_india,marro_uk,0.4333825532269809,0.4360897624005527,-0.002707209173571812
marro_uk,iltur_cl,0.5059020325430136,0.40127993053560096,0.10462210200741262
marro_uk,iltur_it,0.5034231608401425,0.41153253901856673,0.09189062182157576
marro_uk,legaleval,0.5385776438449265,0.4176818390669012,0.12089580477802525
marro_uk,marro_india,0.5503022813821218,0.4913765348317071,0.05892574655041466
