source,target,method,seed,macro_f1,weighted_f1,accuracy,train_seconds,peak_gpu_memory_gb
iltur_cl,iltur_it,category_lora,42,0.5040469349064544,0.5139462863726821,0.5341207349081365,263.8048951625824,3.072171688079834
iltur_cl,iltur_it,category_lora,43,0.494257497945291,0.5023002963238654,0.520997375328084,259.73024702072144,3.072904109954834
iltur_cl,iltur_it,category_lora,44,0.49245022274054956,0.5208607663728952,0.5446194225721784,259.7836525440216,3.081326961517334
iltur_cl,iltur_it,full_ft,42,0.4854745593031965,0.5029920613281776,0.5275590551181102,342.16309928894043,4.595113277435303
iltur_cl,iltur_it,full_ft,43,0.4660191501458871,0.47085174335810615,0.4921259842519685,346.7761197090149,4.588155269622803
iltur_cl,iltur_it,full_ft,44,0.4863270041512854,0.4964730043024512,0.5223097112860893,341.0865533351898,4.596272945404053
iltur_cl,iltur_it,role_adapter,42,0.4955506365538912,0.49912699892836754,0.5196850393700787,259.44693303108215,3.072171688079834
iltur_cl,iltur_it,role_adapter,43,0.49820308425557885,0.5080912205498791,0.5275590551181102,249.0341935157776,3.072904109954834
iltur_cl,iltur_it,role_adapter,44,0.49875167471424514,0.5242472476495019,0.5485564304461942,243.85977721214294,3.081326961517334
iltur_cl,iltur_it,shared_lora,42,0.4808211286835951,0.5248619405088005,0.5511811023622047,259.3954212665558,3.071230888366699
iltur_cl,iltur_it,shared_lora,43,0.5137577709849721,0.5291582601205083,0.5538057742782152,255.53413653373718,3.071963310241699
iltur_cl,iltur_it,shared_lora,44,0.47175699768008533,0.5137434038814613,0.5380577427821522,254.4370150566101,3.080386161804199
iltur_cl,legaleval,role_adapter,42,0.5658432265137481,0.6844700856830336,0.6772458310919849,263.3335864543915,3.072171688079834
iltur_cl,legaleval,role_adapter,43,0.5493754923542477,0.6710036665376105,0.6594943518020441,261.55905842781067,3.072904109954834
iltur_cl,legaleval,role_adapter,44,0.5452870637999905,0.6615632224547022,0.6503496503496503,260.20408487319946,3.081326961517334
iltur_cl,legaleval,shared_lora,42,0.5370783104669041,0.6690641254111098,0.6514254975793438,256.8097279071808,3.071230888366699
iltur_cl,legaleval,shared_lora,43,0.5055732238126472,0.624015720099886,0.6051640667025282,252.70367240905762,3.071963310241699
iltur_cl,legaleval,shared_lora,44,0.5011137007528422,0.649979024586403,0.6299085529854761,255.22369718551636,3.080386161804199
iltur_cl,marro_india,role_adapter,42,0.4893218023057319,0.5123206764615325,0.5300077942322681,262.1122088432312,3.076444149017334
iltur_cl,marro_india,role_adapter,43,0.49163958904053345,0.5170868126781966,0.5335151987529229,261.2607810497284,3.072659969329834
iltur_cl,marro_india,role_adapter,44,0.49414901709552955,0.5250391433001612,0.5420888542478566,263.0121307373047,3.077054500579834
iltur_cl,marro_india,shared_lora,42,0.46203519515779173,0.5047226204161758,0.5237724084177708,253.65528655052185,3.075503349304199
iltur_cl,marro_india,shared_lora,43,0.43870766060810934,0.4984551674196328,0.5202650038971162,255.54254913330078,3.071719169616699
iltur_cl,marro_india,shared_lora,44,0.4624613799407376,0.5037195037793931,0.524551831644583,258.3522140979767,3.076113700866699
iltur_cl,marro_uk,role_adapter,42,0.2973859792034747,0.4273547191672573,0.38465073529411764,262.79972100257874,3.072171688079834
iltur_cl,marro_uk,role_adapter,43,0.3093843849890687,0.4551860577848931,0.4108455882352941,264.36120319366455,3.072904109954834
iltur_cl,marro_uk,role_adapter,44,0.332185621314438,0.4932471535521574,0.44669117647058826,267.4383234977722,3.081326961517334
iltur_cl,marro_uk,shared_lora,42,0.30882640790737587,0.4845545908072259,0.4430147058823529,255.87026381492615,3.071230888366699
iltur_cl,marro_uk,shared_lora,43,0.26380851939773037,0.47971618617016754,0.4365808823529412,255.06112480163574,3.071963310241699
iltur_cl,marro_uk,shared_lora,44,0.3011558006651359,0.5157144632689231,0.4719669117647059,255.5234842300415,3.080386161804199
iltur_it,iltur_cl,category_lora,42,0.5281067741789436,0.6152607756204419,0.6224899598393574,171.11197090148926,3.071195125579834
iltur_it,iltur_cl,category_lora,43,0.5069455561984638,0.5928778375096012,0.6008032128514056,177.43058156967163,3.078275203704834
iltur_it,iltur_cl,category_lora,44,0.5245158261917543,0.6096238280884803,0.619277108433735,177.21227884292603,3.078885555267334
iltur_it,iltur_cl,full_ft,42,0.5438536259358069,0.6325980963322063,0.6345381526104418,205.41866827011108,4.593892574310303
iltur_it,iltur_cl,full_ft,43,0.5159804437224728,0.6034227026378002,0.6120481927710844,218.85501718521118,4.593343257904053
iltur_it,iltur_cl,full_ft,44,0.515361453957811,0.6018776767065059,0.6072289156626506,220.11304688453674,4.591451168060303
iltur_it,iltur_cl,role_adapter,42,0.5203215823613732,0.60742516698741,0.6160642570281124,170.77797961235046,3.071195125579834
iltur_it,iltur_cl,role_adapter,43,0.5104380567515674,0.5969325461162456,0.6056224899598394,148.98274421691895,3.078275203704834
iltur_it,iltur_cl,role_adapter,44,0.5143585935147696,0.6026406636343005,0.61285140562249,149.44008016586304,3.078885555267334
iltur_it,iltur_cl,shared_lora,42,0.5447903164643277,0.6149340615959296,0.629718875502008,150.35100555419922,3.070254325866699
iltur_it,iltur_cl,shared_lora,43,0.5053846879477096,0.5963324253755887,0.6144578313253012,165.66802525520325,3.077334403991699
iltur_it,iltur_cl,shared_lora,44,0.49337571295175625,0.5877894546999121,0.6040160642570281,164.933274269104,3.077944755554199
iltur_it,legaleval,role_adapter,42,0.6741403281799105,0.7551529153429982,0.7477138246369016,164.59008193016052,3.076077938079834
iltur_it,legaleval,role_adapter,43,0.6702880969033974,0.7499015299308869,0.7401828940290479,166.3197193145752,3.072659969329834
iltur_it,legaleval,role_adapter,44,0.664617134659495,0.7427295955214186,0.7337278106508875,166.01136207580566,3.075955867767334
iltur_it,legaleval,shared_lora,42,0.6139873475319207,0.7223860755618907,0.7127487896718666,158.52787590026855,3.075137138366699
iltur_it,legaleval,shared_lora,43,0.6081927038388805,0.7273478617097993,0.7235072619688004,163.16799402236938,3.071719169616699
iltur_it,legaleval,shared_lora,44,0.6400399470698271,0.7493709905813087,0.7439483593329748,162.17911386489868,3.075015068054199
iltur_it,marro_india,role_adapter,42,0.596810934059579,0.616952952349121,0.622369446609509,164.97907614707947,3.072782039642334
iltur_it,marro_india,role_adapter,43,0.6103642989185518,0.6224736553329484,0.6293842556508183,170.0311484336853,3.077054500579834
iltur_it,marro_india,role_adapter,44,0.6087112552979387,0.6270310833496989,0.6340607950116913,170.6473937034607,3.076810359954834
iltur_it,marro_india,shared_lora,42,0.5001162122320661,0.5771230279733693,0.6021044427123928,156.67862153053284,3.073916435241699
iltur_it,marro_india,shared_lora,43,0.5729239240330729,0.6080315373706249,0.6258768511301637,161.79579544067383,3.076113700866699
iltur_it,marro_india,shared_lora,44,0.5582577127621704,0.598445995711529,0.6184723304754481,162.70169496536255,3.075869560241699
iltur_it,marro_uk,role_adapter,42,0.41006851984332543,0.5829574560110917,0.5353860294117647,168.13033366203308,3.071195125579834
iltur_it,marro_uk,role_adapter,43,0.4119720875245564,0.5717496237532752,0.5211397058823529,175.61174631118774,3.076932430267334
iltur_it,marro_uk,role_adapter,44,0.4135275978391851,0.5816133666034018,0.5340073529411765,174.75543236732483,3.081693172454834
iltur_it,marro_uk,shared_lora,42,0.42213016294637845,0.6050016496863351,0.5565257352941176,153.9086880683899,3.070254325866699
iltur_it,marro_uk,shared_lora,43,0.430893100323571,0.6165259090229239,0.5703125,163.23531341552734,3.074892997741699
iltur_it,marro_uk,shared_lora,44,0.4057251059150774,0.6103621132123456,0.5647977941176471,164.17017936706543,3.080752372741699
legaleval,iltur_cl,role_adapter,42,0.45829706951632204,0.5077727221900638,0.5381526104417671,187.52762651443481,3.071195125579834
legaleval,iltur_cl,role_adapter,43,0.44422835131645694,0.49339578738712314,0.521285140562249,191.04207038879395,3.068997859954834
legaleval,iltur_cl,role_adapter,44,0.454724098965905,0.4873473137466754,0.5236947791164659,190.06851172447205,3.075589656829834
legaleval,iltur_cl,shared_lora,42,0.4313188715457998,0.46549245800891,0.5036144578313253,177.67229557037354,3.070254325866699
legaleval,iltur_cl,shared_lora,43,0.4487546847425819,0.4976993507256761,0.5244979919678715,185.9662492275238,3.068057060241699
legaleval,iltur_cl,shared_lora,44,0.45184887615066766,0.4901450379381909,0.5236947791164659,186.78607487678528,3.074648857116699
legaleval,iltur_it,role_adapter,42,0.5345587781228146,0.5392485716201881,0.5643044619422573,185.64898228645325,3.071195125579834
legaleval,iltur_it,role_adapter,43,0.5289613172121571,0.5323095867529514,0.5590551181102362,190.74003958702087,3.069974422454834
legaleval,iltur_it,role_adapter,44,0.5072573651498699,0.5054520443344128,0.5380577427821522,189.62291646003723,3.068509578704834
legaleval,iltur_it,shared_lora,42,0.5133109622369548,0.5063335909106974,0.5393700787401575,178.72973370552063,3.070254325866699
legaleval,iltur_it,shared_lora,43,0.5518411969069957,0.5536317055841377,0.5774278215223098,186.3251075744629,3.069033622741699
legaleval,iltur_it,shared_lora,44,0.5276429594347798,0.5168413380501842,0.5511811023622047,186.8901069164276,3.067568778991699
legaleval,marro_india,category_lora,42,0.5511714854314075,0.5273519405058447,0.5549493374902572,191.8557116985321,3.067533016204834
legaleval,marro_india,category_lora,43,0.5581399139401625,0.5185249425125199,0.5565081839438816,193.5718629360199,3.076932430267334
legaleval,marro_india,category_lora,44,0.5530481079060305,0.5161502781236919,0.553780202650039,193.5613989830017,3.068997859954834
legaleval,marro_india,full_ft,42,0.5529899694912387,0.5315290367266289,0.5541699142634451,264.807492017746,4.583028316497803
legaleval,marro_india,full_ft,43,0.5557687310452416,0.5185731295199663,0.5502727981293842,264.88894963264465,4.591451168060303
legaleval,marro_india,full_ft,44,0.5464696565117549,0.5055431145524021,0.5432579890880749,266.7338409423828,4.599463939666748
legaleval,marro_india,role_adapter,42,0.5528838603084586,0.5268197918542893,0.5557287607170693,187.16567587852478,3.067533016204834
legaleval,marro_india,role_adapter,43,0.5622773757563001,0.5350350512152728,0.5615744349181606,190.23930287361145,3.076932430267334
legaleval,marro_india,role_adapter,44,0.5525961360494984,0.5151324911471391,0.5533904910366328,190.80850195884705,3.068997859954834
legaleval,marro_india,shared_lora,42,0.5301576975646854,0.49295743163478206,0.529618082618862,188.1859211921692,3.066592216491699
legaleval,marro_india,shared_lora,43,0.5348487466931218,0.5018172449373304,0.5385814497272019,188.44911551475525,3.075991630554199
legaleval,marro_india,shared_lora,44,0.5411637135126729,0.49602275632283066,0.5405300077942322,187.99172687530518,3.068057060241699
legaleval,marro_uk,category_lora,42,0.3259582958352033,0.22183009592346156,0.2578125,181.9129626750946,3.071195125579834
legaleval,marro_uk,category_lora,43,0.332914245274149,0.2683267380067304,0.28125,188.86990547180176,3.080228328704834
legaleval,marro_uk,category_lora,44,0.32763453821621635,0.2495020250554491,0.2725183823529412,189.78869485855103,3.081082820892334
legaleval,marro_uk,full_ft,42,0.32053251200691196,0.27465324323965207,0.2858455882352941,252.39141631126404,4.595435619354248
legaleval,marro_uk,full_ft,43,0.3163338088971776,0.26474193681091107,0.2775735294117647,258.62692070007324,4.604712963104248
legaleval,marro_uk,full_ft,44,0.3176488531129997,0.26201408938059195,0.2757352941176471,258.1160807609558,4.610005855560303
legaleval,marro_uk,role_adapter,42,0.31409809168716957,0.25088779376377074,0.2743566176470588,180.91349267959595,3.071195125579834
legaleval,marro_uk,role_adapter,43,0.33035384060990663,0.2610778614160335,0.27941176470588236,190.14091801643372,3.080228328704834
legaleval,marro_uk,role_adapter,44,0.3233346771472636,0.2685103094236472,0.2858455882352941,189.6413562297821,3.081082820892334
legaleval,marro_uk,shared_lora,42,0.3212225611627855,0.2472210349955699,0.2734375,180.47464179992676,3.070254325866699
legaleval,marro_uk,shared_lora,43,0.32583209975855565,0.2763793776481191,0.29411764705882354,185.4424810409546,3.079287528991699
legaleval,marro_uk,shared_lora,44,0.312080320635689,0.25588648924635277,0.2789522058823529,185.22268724441528,3.080142021179199
marro_india,iltur_cl,role_adapter,42,0.509672830518153,0.5698101775252087,0.606425702811245,413.10648584365845,3.070340633392334
marro_india,iltur_cl,role_adapter,43,0.5329773779476783,0.5848497382628755,0.6176706827309237,419.7138924598694,3.076566219329834
marro_india,iltur_cl,role_adapter,44,0.5144710088867891,0.5766617790148033,0.6112449799196787,416.14813685417175,3.079495906829834
marro_india,iltur_cl,shared_lora,42,0.5227052847343341,0.5819383041522541,0.6136546184738956,406.0435950756073,3.069399833679199
marro_india,iltur_cl,shared_lora,43,0.5153728902988739,0.5833183378833722,0.6160642570281124,417.21353673934937,3.075625419616699
marro_india,iltur_cl,shared_lora,44,0.5116459953446506,0.5845566425565262,0.6112449799196787,415.4014673233032,3.078555107116699
marro_india,iltur_it,role_adapter,42,0.5087338766384571,0.51970901533894,0.5380577427821522,413.44579434394836,3.076322078704834
marro_india,iltur_it,role_adapter,43,0.4961091778182611,0.5035879822307857,0.520997375328084,418.8567385673523,3.071195125579834
marro_india,iltur_it,role_adapter,44,0.4809848215095248,0.4862015435871185,0.5039370078740157,418.14227867126465,3.078275203704834
marro_india,iltur_it,shared_lora,42,0.4719952441813198,0.4888148945968599,0.5170603674540682,407.6046257019043,3.075381278991699
marro_india,iltur_it,shared_lora,43,0.46329283255893866,0.47712757030048253,0.5,415.5122652053833,3.070254325866699
marro_india,iltur_it,shared_lora,44,0.4596314817258957,0.4785323536976518,0.5013123359580053,416.9623553752899,3.077334403991699
marro_india,legaleval,category_lora,42,0.5504941848922952,0.6796310136674965,0.6465841850457235,412.16109347343445,3.073880672454834
marro_india,legaleval,category_lora,43,0.5408667567742997,0.6808773431833652,0.6594943518020441,419.1267056465149,3.070340633392334
marro_india,legaleval,category_lora,44,0.5435755899833107,0.6834429379013818,0.657880580957504,418.9235465526581,3.080350399017334
marro_india,legaleval,full_ft,42,0.5924696266788778,0.6985464399147213,0.6681011296395912,557.6727304458618,4.590718746185303
marro_india,legaleval,full_ft,43,0.5738299236935076,0.6897566552411439,0.6584185045723507,566.5422160625458,4.600728511810303
marro_india,legaleval,full_ft,44,0.581668893074274,0.7040172736110563,0.6869284561592254,566.673323392868,4.601827144622803
marro_india,legaleval,role_adapter,42,0.548849571615733,0.6858067735263494,0.656266810112964,408.51747941970825,3.073880672454834
marro_india,legaleval,role_adapter,43,0.5509407770750927,0.6838167999422853,0.6584185045723507,423.2899754047394,3.070340633392334
marro_india,legaleval,role_adapter,44,0.5634486032653591,0.692673516138429,0.6686390532544378,422.49379444122314,3.080350399017334
marro_india,legaleval,shared_lora,42,0.5458447835655359,0.6728585313256056,0.6395911780527165,406.62915110588074,3.073794364929199
marro_india,legaleval,shared_lora,43,0.5304327124782949,0.6729087762300797,0.6525013448090371,417.9226312637329,3.069399833679199
marro_india,legaleval,shared_lora,44,0.5271776219058817,0.6733117318053445,0.6465841850457235,416.11869597435,3.079409599304199
marro_india,marro_uk,category_lora,42,0.43869593110930005,0.7206748846306202,0.7527573529411765,411.54747676849365,3.076322078704834
marro_india,marro_uk,category_lora,43,0.4477778139196142,0.7252429994434199,0.7477022058823529,420.60577869415283,3.071195125579834
marro_india,marro_uk,category_lora,44,0.4261405504618292,0.7161302839596593,0.7518382352941176,420.45450353622437,3.078275203704834
marro_india,marro_uk,full_ft,42,0.42825602471957275,0.7135861631019944,0.7426470588235294,553.4481265544891,4.590718746185303
marro_india,marro_uk,full_ft,43,0.4852210115162806,0.7288210539415176,0.7541360294117647,567.9456562995911,4.594459056854248
marro_india,marro_uk,full_ft,44,0.4557548449363935,0.72062529819701,0.7329963235294118,567.535044670105,4.613393306732178
marro_india,marro_uk,role_adapter,42,0.4182061039288426,0.7166462301292041,0.7490808823529411,408.93788290023804,3.076322078704834
marro_india,marro_uk,role_adapter,43,0.4470148064555765,0.7171704467471223,0.7513786764705882,421.46218085289,3.071195125579834
marro_india,marro_uk,role_adapter,44,0.4349267492965236,0.7129818535128233,0.7513786764705882,420.59415102005005,3.078275203704834
marro_india,marro_uk,shared_lora,42,0.45909114622990677,0.7334286485852404,0.7587316176470589,410.15324902534485,3.075381278991699
marro_india,marro_uk,shared_lora,43,0.41524466353092737,0.7144043318067118,0.7532169117647058,415.74036383628845,3.070254325866699
marro_india,marro_uk,shared_lora,44,0.43393347744082394,0.7126870092718867,0.7477022058823529,416.89292335510254,3.077334403991699
marro_uk,iltur_cl,role_adapter,42,0.503312858318113,0.5766105612960145,0.6088353413654618,280.98269844055176,3.074124813079834
marro_uk,iltur_cl,role_adapter,43,0.49893985071886415,0.5771920902922338,0.6096385542168675,359.89837193489075,3.078275203704834
marro_uk,iltur_cl,role_adapter,44,0.5154533885920635,0.5689047825107816,0.6040160642570281,360.8609437942505,3.072659969329834
marro_uk,iltur_cl,shared_lora,42,0.367145529858883,0.48871634926102336,0.5485943775100401,226.13677835464478,3.073184013366699
marro_uk,iltur_cl,shared_lora,43,0.39010897433474456,0.45240177268936943,0.5317269076305221,265.29563665390015,3.074892997741699
marro_uk,iltur_cl,shared_lora,44,0.4465852874131753,0.5313322278648221,0.576706827309237,267.6534767150879,3.071719169616699
marro_uk,iltur_it,role_adapter,42,0.507262201324833,0.5059089570812967,0.5275590551181102,360.81247997283936,3.074124813079834
marro_uk,iltur_it,role_adapter,43,0.4922732490740418,0.4977935438076154,0.5275590551181102,359.50559997558594,3.078275203704834
marro_uk,iltur_it,role_adapter,44,0.5107340321215527,0.5138121730996128,0.5380577427821522,359.3145034313202,3.072659969329834
marro_uk,iltur_it,shared_lora,42,0.40596226295570437,0.451455583168382,0.494750656167979,349.43667244911194,3.073184013366699
marro_uk,iltur_it,shared_lora,43,0.39509199665708483,0.3959363313131519,0.45931758530183725,351.95678210258484,3.074892997741699
marro_uk,iltur_it,shared_lora,44,0.43354335744291117,0.4382333219235985,0.49081364829396323,352.7439033985138,3.071719169616699
marro_uk,legaleval,category_lora,42,0.5089485161846257,0.6646689065373673,0.6503496503496503,200.40823698043823,3.072659969329834
marro_uk,legaleval,category_lora,43,0.5421079828206059,0.6690821579618408,0.656266810112964,204.64712738990784,3.081204891204834
marro_uk,legaleval,category_lora,44,0.5505057857200292,0.6790926846673838,0.656266810112964,205.66923308372498,3.076688289642334
marro_uk,legaleval,full_ft,42,0.5594932037154992,0.68338951336065,0.6643356643356644,273.2568666934967,4.604312419891357
marro_uk,legaleval,full_ft,43,0.5143184305408449,0.6402716970321375,0.6342119419042496,278.16734313964844,4.614491939544678
marro_uk,legaleval,full_ft,44,0.5333741582284731,0.668505481348404,0.64228079612695,276.7925090789795,4.590718746185303
marro_uk,legaleval,role_adapter,42,0.5092567143679783,0.6637377801661081,0.6465841850457235,199.4538230895996,3.072659969329834
marro_uk,legaleval,role_adapter,43,0.5360657463261557,0.6694074164518138,0.6503496503496503,208.39510822296143,3.081204891204834
marro_uk,legaleval,role_adapter,44,0.5704104708406454,0.6919761468039466,0.6707907477138246,208.7713441848755,3.076688289642334
marro_uk,legaleval,shared_lora,42,0.399679513606373,0.5689021613173648,0.5895642818719742,199.15891528129578,3.071719169616699
marro_uk,legaleval,shared_lora,43,0.40782253823339126,0.5712137974848976,0.5970952124798279,201.62696838378906,3.080264091491699
marro_uk,legaleval,shared_lora,44,0.44554346536093936,0.6058704034974509,0.6046261430876816,200.7164647579193,3.075747489929199
marro_uk,marro_india,category_lora,42,0.5593287225592845,0.595277978886836,0.6266562743569758,200.9164333343506,3.070706844329834
marro_uk,marro_india,category_lora,43,0.5335041945331538,0.5841451618375317,0.6184723304754481,203.8637535572052,3.072293758392334
marro_uk,marro_india,category_lora,44,0.547040078762845,0.5889222153512249,0.6231488698363211,204.86743474006653,3.076688289642334
marro_uk,marro_india,full_ft,42,0.544005013360458,0.5907866401861213,0.6196414653156664,265.14366269111633,4.605123043060303
marro_uk,marro_india,full_ft,43,0.5571201666167663,0.5873335030141813,0.6184723304754481,276.2947418689728,4.606343746185303
marro_uk,marro_india,full_ft,44,0.5513082823098227,0.5841955200609265,0.6134060795011691,276.5007905960083,4.591207027435303
marro_uk,marro_india,role_adapter,42,0.5518128596015456,0.5914734359191522,0.6215900233826968,198.9702410697937,3.070706844329834
marro_uk,marro_india,role_adapter,43,0.5434322528123132,0.5851403018076691,0.6180826188620421,228.93329453468323,3.072293758392334
marro_uk,marro_india,role_adapter,44,0.5556617317325067,0.5939807965306878,0.627045985970382,231.63807487487793,3.076688289642334
marro_uk,marro_india,shared_lora,42,0.4877498230779307,0.5552269107738075,0.6040530007794233,202.57117366790771,3.069766044616699
marro_uk,marro_india,shared_lora,43,0.48588874279237754,0.5468528818147341,0.5946999220576773,202.33898663520813,3.071352958679199
marro_uk,marro_india,shared_lora,44,0.500491038624813,0.5612983129778966,0.6013250194855807,202.66146421432495,3.075747489929199
