source,target,method,runs,macro_f1_mean,macro_f1_std,weighted_f1_mean,accuracy_mean,train_seconds_mean,target_within_f1,transfer_gap,retention
iltur_cl,iltur_it,category_lora,3,0.496918218530765,0.0062394317682129,0.512369116356481,0.5332458442694663,261.10626490910846,0.6440856689849709,0.1471674504542058,0.7715095094630341
iltur_cl,iltur_it,full_ft,3,0.479273571200123,0.0114865758025178,0.490105602996245,0.5139982502187227,343.3419241110484,0.649885217789682,0.170611646589559,0.7374741847955482
iltur_cl,iltur_it,role_adapter,3,0.497501798507905,0.001711874002644,0.5104884890425828,0.531933508311461,250.78030125300089,0.6493577677027215,0.1518559691948164,0.7661443710267024
iltur_cl,iltur_it,shared_lora,3,0.4887786324495508,0.0221022089210789,0.5225878681702567,0.547681539807524,256.45552428563434,0.601888538435626,0.1131099059860751,0.8120749960116201
iltur_it,iltur_cl,category_lora,3,0.5198560521897205,0.0113240631805402,0.6059208137395078,0.614190093708166,175.25161043802896,0.5526060304198688,0.0327499782301482,0.9407353947888248
iltur_it,iltur_cl,full_ft,3,0.5250651745386968,0.0162742193824576,0.6126328252255041,0.6179384203480589,214.7955774466197,0.5401445861952731,0.0150794116565762,0.9720826385342596
iltur_it,iltur_cl,role_adapter,3,0.5150394108759034,0.0049768116128036,0.6023327922459853,0.6115127175368139,156.40026799837747,0.5498610647440985,0.034821653868195,0.9366719047757986
iltur_it,iltur_cl,shared_lora,3,0.5145169057879312,0.026896345766659,0.5996853138904767,0.6160642570281124,160.31743502616882,0.5344498914748393,0.0199329856869081,0.9627037333062186
legaleval,marro_india,category_lora,3,0.5541198357592002,0.0036057176004024,0.5206757203806854,0.5550792413613926,192.99632453918457,0.5599234159706442,0.005803580211444,0.9896350464261556
legaleval,marro_india,full_ft,3,0.551742785682745,0.0047733423702853,0.5185484269329991,0.5492335671603014,265.4767608642578,0.5893454195980175,0.0376026339152724,0.9361959342266196
legaleval,marro_india,role_adapter,3,0.5559191240380857,0.0055082864846003,0.5256624447389004,0.5568978955572876,189.40449357032776,0.565893206764868,0.0099740827267822,0.9823746201446688
legaleval,marro_india,shared_lora,3,0.53539005259016,0.0055229390561063,0.4969324776316477,0.5362431800467654,188.2089211940765,0.5579555966777491,0.022565544087589,0.9595567385255176
legaleval,marro_uk,category_lora,3,0.3288356931085228,0.0036302049468006,0.2465529529952137,0.2705269607843137,186.85718766848245,0.4830623327977829,0.15422663968926,0.6807313896821229
legaleval,marro_uk,full_ft,3,0.318171724672363,0.0021476319404443,0.2671364231437184,0.2797181372549019,256.37813925743103,0.4673591772411754,0.1491874525688123,0.6807862992025384
legaleval,marro_uk,role_adapter,3,0.3225955364814466,0.008153041760758,0.2601586548678171,0.2798713235294117,186.8985889752706,0.4894467701130542,0.1668512336316076,0.6591023910668209
legaleval,marro_uk,shared_lora,3,0.31971166051901,0.0069992837367511,0.2598289672966806,0.2821691176470588,183.71327002843225,0.4518986440073164,0.1321869834883063,0.7074853283114384
marro_india,legaleval,category_lora,3,0.5449788438833019,0.0049647441195566,0.6813170982507478,0.6546530392684239,416.73711522420246,0.762507226977966,0.2175283830946641,0.7147195785188931
marro_india,legaleval,full_ft,3,0.5826561478155532,0.0093589868997043,0.6974401229223072,0.6711493634570558,563.6294233004252,0.7612870188449481,0.1786308710293949,0.765356735886
marro_india,legaleval,role_adapter,3,0.554412983985395,0.0078946245571058,0.6874323632023546,0.6611081226465841,418.1004164218903,0.7644290893256479,0.2100161053402529,0.7252641111217762
marro_india,legaleval,shared_lora,3,0.5344850393165709,0.0099715468062921,0.6730263464536765,0.6462255693024924,413.55682611465454,0.7409862309471286,0.2065011916305577,0.7213157505415345
marro_india,marro_uk,category_lora,3,0.4375380984969144,0.010864999988685,0.7206827226778998,0.7507659313725491,417.5359196662903,0.4830623327977829,0.0455242343008684,0.9057590890243856
marro_india,marro_uk,full_ft,3,0.4564106270574156,0.0284881548688216,0.7210108384135073,0.7432598039215687,562.976275841395,0.4673591772411754,0.0109485501837598,0.9765735846926358
marro_india,marro_uk,role_adapter,3,0.4333825532269809,0.0144662967425791,0.7155995101297167,0.7506127450980392,416.9980715910594,0.4894467701130542,0.0560642168860733,0.8854539036530501
marro_india,marro_uk,shared_lora,3,0.4360897624005527,0.0220026290449264,0.7201733298879462,0.753216911764706,414.2621787389119,0.4518986440073164,0.0158088816067636,0.9650167536096708
marro_uk,legaleval,category_lora,3,0.5338540949084202,0.0219737721399794,0.670947916388864,0.6542944235251927,203.57486581802368,0.762507226977966,0.2286531320695458,0.7001298820789364
marro_uk,legaleval,full_ft,3,0.5357285974949391,0.0226792321527861,0.6640555639137306,0.6469428007889547,276.0722396373749,0.7612870188449481,0.225558421350009,0.7037143471955764
marro_uk,legaleval,role_adapter,3,0.5385776438449265,0.0306541629234623,0.6750404478072894,0.6559081943697328,205.54009183247885,0.7644290893256479,0.2258514454807214,0.7045488605359596
marro_uk,legaleval,shared_lora,3,0.4176818390669012,0.0244699791035982,0.5819954540999045,0.5970952124798279,200.5007828076681,0.7409862309471286,0.3233043918802273,0.5636836713322193
marro_uk,marro_india,category_lora,3,0.5466243319517611,0.0129172828412672,0.5894484520251976,0.622759158222915,203.21587387720743,0.5599234159706442,0.0132990840188831,0.9762483874766538
marro_uk,marro_india,full_ft,3,0.5508111540956824,0.0065716941179641,0.5874385544204097,0.6171732917640945,272.6463983853658,0.5893454195980175,0.038534265502335,0.9346151438173242
marro_uk,marro_india,role_adapter,3,0.5503022813821218,0.0062531131112919,0.5901981780858364,0.6222395427383737,219.8472034931183,0.565893206764868,0.0155909253827462,0.9724489970963296
marro_uk,marro_india,shared_lora,3,0.4913765348317071,0.0079480525604216,0.5544593685221461,0.6000259807742271,202.5238748391469,0.5579555966777491,0.0665790618460419,0.8806731893317755
