model,dataset,method_a,method_b,documents,point_delta,ci95_low,ci95_high,p_delta_gt_0,p_delta_lt_0
inlegalbert,legaleval,frozen,full_ft,50,-0.424715083572023,-0.4511973807011969,-0.3904682116158093,0.0,1.0
inlegalbert,legaleval,frozen,shared_lora,50,-0.40441429567420345,-0.4367359951042798,-0.35876068851449283,0.0,1.0
inlegalbert,legaleval,frozen,shared_lora_widehead,50,-0.41414221773569465,-0.4459407463069548,-0.37118313587385476,0.0,1.0
inlegalbert,legaleval,frozen,category_lora,50,-0.4259352917050409,-0.4578255581218597,-0.38515457148922816,0.0,1.0
inlegalbert,legaleval,frozen,role_adapter,50,-0.4278571540527228,-0.4604240737909299,-0.38519635835007787,0.0,1.0
inlegalbert,legaleval,full_ft,shared_lora,50,0.020300787897819528,0.0006990803376193291,0.047436193107928216,0.9793,0.0207
inlegalbert,legaleval,full_ft,shared_lora_widehead,50,0.010572865836328327,-0.006743048861303224,0.0333249165151899,0.8722,0.1278
inlegalbert,legaleval,full_ft,category_lora,50,-0.0012202081330179304,-0.016515349279279053,0.017535437898250374,0.4425,0.5575
inlegalbert,legaleval,full_ft,role_adapter,50,-0.00314207048069981,-0.018390580450076938,0.01631300205905843,0.3622,0.6378
inlegalbert,legaleval,shared_lora,shared_lora_widehead,50,-0.009727922061491201,-0.020483938772304262,-0.0007713019803908327,0.0188,0.9812
inlegalbert,legaleval,shared_lora,category_lora,50,-0.021520996030837458,-0.039414033441419576,-0.008282352590685297,0.0003,0.9997
inlegalbert,legaleval,shared_lora,role_adapter,50,-0.023442858378519338,-0.04006196301402719,-0.009587797096839176,0.0006,0.9994
inlegalbert,legaleval,shared_lora_widehead,category_lora,50,-0.011793073969346257,-0.02442788561938782,-0.0019056930646169491,0.0095,0.9905
inlegalbert,legaleval,shared_lora_widehead,role_adapter,50,-0.013714936317028137,-0.025337994966852684,-0.003437420066102187,0.004,0.996
inlegalbert,legaleval,category_lora,role_adapter,50,-0.0019218623476818797,-0.009059167059399192,0.006089276696281509,0.3066,0.6934
inlegalbert,marro_india,frozen,full_ft,20,-0.394376252608302,-0.452955584922344,-0.3410867683992246,0.0,1.0
inlegalbert,marro_india,frozen,shared_lora,20,-0.36298642968803363,-0.4129281336460487,-0.31848375209317303,0.0,1.0
inlegalbert,marro_india,frozen,shared_lora_widehead,20,-0.3709115633257438,-0.42358312038047813,-0.3243926536869819,0.0,1.0
inlegalbert,marro_india,frozen,category_lora,20,-0.36495424898092876,-0.41499870528253824,-0.3212508455319639,0.0,1.0
inlegalbert,marro_india,frozen,role_adapter,20,-0.37092403977515254,-0.42340143044295525,-0.32505164113199714,0.0,1.0
inlegalbert,marro_india,full_ft,shared_lora,20,0.03138982292026837,0.015757124668420802,0.04615850707102952,0.9992,0.0008
inlegalbert,marro_india,full_ft,shared_lora_widehead,20,0.023464689282558182,0.00651229668699464,0.04414111491766888,0.9966,0.0034
inlegalbert,marro_india,full_ft,category_lora,20,0.02942200362737324,0.012240097529409175,0.04732887282295213,0.9982,0.0018
inlegalbert,marro_india,full_ft,role_adapter,20,0.023452212833149466,0.008013016854799365,0.04020154200199881,0.9967,0.0033
inlegalbert,marro_india,shared_lora,shared_lora_widehead,20,-0.007925133637710191,-0.01835888381070643,0.004130421776647194,0.0841,0.9159
inlegalbert,marro_india,shared_lora,category_lora,20,-0.0019678192928951344,-0.008883541589063682,0.006717047046971133,0.3166,0.6834
inlegalbert,marro_india,shared_lora,role_adapter,20,-0.007937610087118907,-0.016234461512356788,0.0013700957621860762,0.044,0.956
inlegalbert,marro_india,shared_lora_widehead,category_lora,20,0.005957314344815057,-0.003583686289681501,0.0164129153113076,0.8972,0.1028
inlegalbert,marro_india,shared_lora_widehead,role_adapter,20,-1.247644940871595e-05,-0.007661995164712337,0.007699313171924978,0.5193,0.4807
inlegalbert,marro_india,category_lora,role_adapter,20,-0.005969790794223773,-0.012333196902094126,-0.000544117444043977,0.0155,0.9845
inlegalbert,marro_uk,frozen,full_ft,9,-0.30241178371563165,-0.3514308881126286,-0.2529701674074711,0.0,1.0
inlegalbert,marro_uk,frozen,shared_lora,9,-0.28695125048177267,-0.33243553159058997,-0.2411193604671301,0.0,1.0
inlegalbert,marro_uk,frozen,shared_lora_widehead,9,-0.32072576554020815,-0.3689199711859179,-0.2761607720533957,0.0,1.0
inlegalbert,marro_uk,frozen,category_lora,9,-0.31811493927223916,-0.3644791624104003,-0.27388935877951315,0.0,1.0
inlegalbert,marro_uk,frozen,role_adapter,9,-0.3244993765875105,-0.36668271075178466,-0.28351215961768983,0.0,1.0
inlegalbert,marro_uk,full_ft,shared_lora,9,0.015460533233858986,-0.013295560444343293,0.0497322406766213,0.8436,0.1564
inlegalbert,marro_uk,full_ft,shared_lora_widehead,9,-0.018313981824576497,-0.034270746462674,0.0001678208459711117,0.0265,0.9735
inlegalbert,marro_uk,full_ft,category_lora,9,-0.015703155556607507,-0.036831157861637424,0.0061213564196386265,0.0721,0.9279
inlegalbert,marro_uk,full_ft,role_adapter,9,-0.022087592871878836,-0.0522091207891443,0.008862371636863601,0.083,0.917
inlegalbert,marro_uk,shared_lora,shared_lora_widehead,9,-0.033774515058435484,-0.05800354763720466,-0.015977824878721094,0.0,1.0
inlegalbert,marro_uk,shared_lora,category_lora,9,-0.031163688790466493,-0.0547561158696077,-0.015177263352024071,0.0,1.0
inlegalbert,marro_uk,shared_lora,role_adapter,9,-0.03754812610573782,-0.06261299304969015,-0.016151596544589197,0.0002,0.9998
inlegalbert,marro_uk,shared_lora_widehead,category_lora,9,0.002610826267968991,-0.010384513639622783,0.013582462138679531,0.6619,0.3381
inlegalbert,marro_uk,shared_lora_widehead,role_adapter,9,-0.0037736110473023388,-0.02474277297873358,0.013260314583838917,0.3651,0.6349
inlegalbert,marro_uk,category_lora,role_adapter,9,-0.00638443731527133,-0.024295507219918615,0.009029827441408294,0.2576,0.7424
inlegalbert,iltur_cl,frozen,full_ft,5,-0.25849957046867944,-0.27321250124134017,-0.15217650987299886,0.0022,0.9978
inlegalbert,iltur_cl,frozen,shared_lora,5,-0.2528048757482456,-0.27715972186254845,-0.18267960637284317,0.0,1.0
inlegalbert,iltur_cl,frozen,shared_lora_widehead,5,-0.25792174317602445,-0.27277471140395954,-0.17169810075418537,0.0003,0.9997
inlegalbert,iltur_cl,frozen,category_lora,5,-0.27096101469327516,-0.28323734742854484,-0.1538986960730933,0.0,1.0
inlegalbert,iltur_cl,frozen,role_adapter,5,-0.2682160490175046,-0.27950395700452424,-0.15666143861481135,0.0,1.0
inlegalbert,iltur_cl,full_ft,shared_lora,5,0.005694694720433824,-0.06469281475619693,0.028209110268896442,0.7397,0.2603
inlegalbert,iltur_cl,full_ft,shared_lora_widehead,5,0.0005778272926549866,-0.03274657126438896,0.0060204800813646875,0.58,0.42
inlegalbert,iltur_cl,full_ft,category_lora,5,-0.012461444224595719,-0.0285686606849736,0.016477219338271287,0.0773,0.9227
inlegalbert,iltur_cl,full_ft,role_adapter,5,-0.00971647854882518,-0.022979693660572065,0.017475631430412863,0.1102,0.8898
inlegalbert,iltur_cl,shared_lora,shared_lora_widehead,5,-0.005116867427778837,-0.031669322034109576,0.033758154324147194,0.2785,0.7215
inlegalbert,iltur_cl,shared_lora,category_lora,5,-0.018156138945029543,-0.033139779481950515,0.07423588774925627,0.0698,0.9302
inlegalbert,iltur_cl,shared_lora,role_adapter,5,-0.015411173269259004,-0.025806836932033783,0.07147314520753822,0.0748,0.9252
inlegalbert,iltur_cl,shared_lora_widehead,category_lora,5,-0.013039271517250706,-0.022998425767019492,0.04966948804645954,0.1251,0.8743
inlegalbert,iltur_cl,shared_lora_widehead,role_adapter,5,-0.010294305841480167,-0.016615693209765525,0.048994481963443914,0.1572,0.8428
inlegalbert,iltur_cl,category_lora,role_adapter,5,0.0027449656757705387,-0.002762742541718044,0.010250640118533771,0.7235,0.2765
inlegalbert,iltur_it,frozen,full_ft,5,-0.3338685028027929,-0.527251960367554,-0.29447865048262795,0.0,1.0
inlegalbert,iltur_it,frozen,shared_lora,5,-0.28587182344873685,-0.4486074015894091,-0.24392007708035762,0.0,1.0
inlegalbert,iltur_it,frozen,shared_lora_widehead,5,-0.33571005157038847,-0.5002900977136353,-0.2972368880038581,0.0,1.0
inlegalbert,iltur_it,frozen,category_lora,5,-0.3280689539980818,-0.46307409090124957,-0.2901286625603628,0.0,1.0
inlegalbert,iltur_it,frozen,role_adapter,5,-0.33334105271583236,-0.48649910024668624,-0.2947943191008852,0.0,1.0
inlegalbert,iltur_it,full_ft,shared_lora,5,0.04799667935405605,0.015595248928228056,0.1036495462549506,0.9901,0.0099
inlegalbert,iltur_it,full_ft,shared_lora_widehead,5,-0.0018415487675955688,-0.00682525436325554,0.03880974627802136,0.3985,0.6015
inlegalbert,iltur_it,full_ft,category_lora,5,0.005799548804711119,-0.007112421954406756,0.07084572553056856,0.8753,0.1247
inlegalbert,iltur_it,full_ft,role_adapter,5,0.0005274500869605347,-0.010086947264692503,0.04380222141102452,0.5553,0.4447
inlegalbert,iltur_it,shared_lora,shared_lora_widehead,5,-0.04983822812165162,-0.07200409650059714,-0.00024455258946876057,0.0219,0.9781
inlegalbert,iltur_it,shared_lora,category_lora,5,-0.04219713054934493,-0.06328537184512972,0.0028641745756292636,0.0403,0.9597
inlegalbert,iltur_it,shared_lora,role_adapter,5,-0.047469229267095514,-0.0705461903745973,-0.005559111728253074,0.0137,0.9863
inlegalbert,iltur_it,shared_lora_widehead,category_lora,5,0.007641097572306688,-0.011157497108581604,0.04016938129432801,0.8825,0.1175
inlegalbert,iltur_it,shared_lora_widehead,role_adapter,5,0.0023689988545561036,-0.012118369569278364,0.011545079759488264,0.6724,0.3276
inlegalbert,iltur_it,category_lora,role_adapter,5,-0.005272098717750584,-0.03736609843672323,-0.0015331866186311105,0.0125,0.9875
legalbert,legaleval,frozen,full_ft,50,-0.5888294028225668,-0.6132420882408888,-0.5593004692901807,0.0,1.0
legalbert,legaleval,frozen,shared_lora,50,-0.5390745575062758,-0.5650103819523733,-0.5023443280576738,0.0,1.0
legalbert,legaleval,frozen,shared_lora_widehead,50,-0.5616508082706948,-0.5894912389410403,-0.5218384862159283,0.0,1.0
legalbert,legaleval,frozen,category_lora,50,-0.5681919934433107,-0.5945383398206202,-0.530619605546077,0.0,1.0
legalbert,legaleval,frozen,role_adapter,50,-0.5710570672057405,-0.5973010664437897,-0.5363002991680946,0.0,1.0
legalbert,legaleval,full_ft,shared_lora,50,0.04975484531629104,0.030609950397495877,0.07425851204730102,1.0,0.0
legalbert,legaleval,full_ft,shared_lora_widehead,50,0.027178594551871993,0.011082818585315485,0.04901013032811105,0.9997,0.0003
legalbert,legaleval,full_ft,category_lora,50,0.020637409379256066,0.006012145916212567,0.04195955934050586,0.9962,0.0038
legalbert,legaleval,full_ft,role_adapter,50,0.01777233561682634,0.0027829205426632064,0.035245014967349234,0.9896,0.0104
legalbert,legaleval,shared_lora,shared_lora_widehead,50,-0.022576250764419048,-0.036422618815820304,-0.008050629622439676,0.0015,0.9985
legalbert,legaleval,shared_lora,category_lora,50,-0.029117435937034974,-0.04620387852105012,-0.01274842076058602,0.0004,0.9996
legalbert,legaleval,shared_lora,role_adapter,50,-0.0319825096994647,-0.04643917962372902,-0.019195198109659594,0.0,1.0
legalbert,legaleval,shared_lora_widehead,category_lora,50,-0.0065411851726159265,-0.01996059526469067,0.006319071901132448,0.1364,0.8636
legalbert,legaleval,shared_lora_widehead,role_adapter,50,-0.009406258935045653,-0.022388305916147856,0.00032994787637366215,0.0299,0.9701
legalbert,legaleval,category_lora,role_adapter,50,-0.0028650737624297262,-0.014097721803014208,0.0068406223770626495,0.2691,0.7309
legalbert,marro_india,frozen,full_ft,20,-0.43170633129900315,-0.4871846951700997,-0.3790808931227222,0.0,1.0
legalbert,marro_india,frozen,shared_lora,20,-0.38475872893671015,-0.43607639160990275,-0.33817868101311355,0.0,1.0
legalbert,marro_india,frozen,shared_lora_widehead,20,-0.3946151256276381,-0.4440448478103687,-0.349751989818572,0.0,1.0
legalbert,marro_india,frozen,category_lora,20,-0.40175208918838234,-0.4491025424958465,-0.3574996492461686,0.0,1.0
legalbert,marro_india,frozen,role_adapter,20,-0.4116036063301849,-0.46366516594039475,-0.3649289673687833,0.0,1.0
legalbert,marro_india,full_ft,shared_lora,20,0.046947602362293006,0.027717776960294146,0.06371500762456583,1.0,0.0
legalbert,marro_india,full_ft,shared_lora_widehead,20,0.037091205671365035,0.01824077517774137,0.05267017922085729,0.9999,0.0001
legalbert,marro_india,full_ft,category_lora,20,0.02995424211062081,0.014237681063742196,0.046966381734301024,0.9998,0.0002
legalbert,marro_india,full_ft,role_adapter,20,0.020102724968818264,0.004488881355746724,0.034080261108679406,0.9929,0.0071
legalbert,marro_india,shared_lora,shared_lora_widehead,20,-0.009856396690927971,-0.017854625316860356,-0.0005651067179773628,0.0192,0.9808
legalbert,marro_india,shared_lora,category_lora,20,-0.016993360251672196,-0.025574914869761364,-0.004986961467806453,0.0036,0.9964
legalbert,marro_india,shared_lora,role_adapter,20,-0.026844877393474742,-0.040369142763827394,-0.013013637180859681,0.0,1.0
legalbert,marro_india,shared_lora_widehead,category_lora,20,-0.007136963560744225,-0.0148433974042559,0.002832310175626468,0.0822,0.9178
legalbert,marro_india,shared_lora_widehead,role_adapter,20,-0.01698848070254677,-0.0297029584584102,-0.005455011417060552,0.0018,0.9982
legalbert,marro_india,category_lora,role_adapter,20,-0.009851517141802546,-0.019262341673331324,-0.0034078587550760895,0.0015,0.9985
legalbert,marro_uk,frozen,full_ft,9,-0.3208873365021422,-0.3560622493873714,-0.286556773385336,0.0,1.0
legalbert,marro_uk,frozen,shared_lora,9,-0.27354574580266844,-0.31499430144719215,-0.23034711923321324,0.0,1.0
legalbert,marro_uk,frozen,shared_lora_widehead,9,-0.33270763631135075,-0.38750612971319187,-0.2825841450580975,0.0,1.0
legalbert,marro_uk,frozen,category_lora,9,-0.3361426697829286,-0.3859984303879972,-0.28964956515009216,0.0,1.0
legalbert,marro_uk,frozen,role_adapter,9,-0.34148082744198666,-0.39056574895636786,-0.2950936065076754,0.0,1.0
legalbert,marro_uk,full_ft,shared_lora,9,0.047341590699473746,0.013309961873523382,0.07282262149632525,0.9946,0.0054
legalbert,marro_uk,full_ft,shared_lora_widehead,9,-0.011820299809208568,-0.04492456319544935,0.01112931011285256,0.1514,0.8486
legalbert,marro_uk,full_ft,category_lora,9,-0.015255333280786432,-0.04833207310727201,0.007721568309589702,0.0947,0.9053
legalbert,marro_uk,full_ft,role_adapter,9,-0.020593490939844472,-0.04463980978022393,-0.003367910625426407,0.0079,0.9921
legalbert,marro_uk,shared_lora,shared_lora_widehead,9,-0.05916189050868231,-0.08847005387424428,-0.03327040048773842,0.0001,0.9999
legalbert,marro_uk,shared_lora,category_lora,9,-0.06259692398026018,-0.09085991386448293,-0.03947148461784966,0.0001,0.9999
legalbert,marro_uk,shared_lora,role_adapter,9,-0.06793508163931822,-0.09268488535090795,-0.0390575719116526,0.0003,0.9997
legalbert,marro_uk,shared_lora_widehead,category_lora,9,-0.003435033471577864,-0.015958456864474446,0.008446881043024835,0.3155,0.6845
legalbert,marro_uk,shared_lora_widehead,role_adapter,9,-0.008773191130635904,-0.0192964646479208,0.008937879757268745,0.1372,0.8628
legalbert,marro_uk,category_lora,role_adapter,9,-0.00533815765905804,-0.018485715182556317,0.011100585157868497,0.2608,0.7392
legalbert,iltur_cl,frozen,full_ft,5,-0.370237487871543,-0.41299631566901934,-0.32002243972825045,0.0,1.0
legalbert,iltur_cl,frozen,shared_lora,5,-0.3259969470831643,-0.4080151001075587,-0.2915302978201527,0.0,1.0
legalbert,iltur_cl,frozen,shared_lora_widehead,5,-0.35130902127547703,-0.4381594373752926,-0.3335078947714091,0.0,1.0
legalbert,iltur_cl,frozen,category_lora,5,-0.3655988025595057,-0.4118468474416502,-0.31487372877016057,0.0,1.0
legalbert,iltur_cl,frozen,role_adapter,5,-0.36983638812680864,-0.4224832551547826,-0.3073264224565927,0.0,1.0
legalbert,iltur_cl,full_ft,shared_lora,5,0.04424054078837869,-0.0010266909865059848,0.06734771968799202,0.9702,0.0298
legalbert,iltur_cl,full_ft,shared_lora_widehead,5,0.018928466596066007,-0.045010584637899864,0.03599859765643609,0.8061,0.1939
legalbert,iltur_cl,full_ft,category_lora,5,0.004638685312037261,-0.0025333132429837812,0.020485591886156618,0.9416,0.0584
legalbert,iltur_cl,full_ft,role_adapter,5,0.0004010997447343456,-0.02810235163212005,0.014347492584666499,0.7492,0.2508
legalbert,iltur_cl,shared_lora,shared_lora_widehead,5,-0.025312074192312684,-0.059353380903235164,-0.013847020550483424,0.0,1.0
legalbert,iltur_cl,shared_lora,category_lora,5,-0.03960185547634143,-0.05777508969943895,0.005619918262372736,0.0307,0.9693
legalbert,iltur_cl,shared_lora,role_adapter,5,-0.043839441043644345,-0.07068434119844219,-0.00045714092801513173,0.0219,0.9781
legalbert,iltur_cl,shared_lora_widehead,category_lora,5,-0.014289781284028746,-0.026472180981433335,0.04911225929102914,0.2498,0.7502
legalbert,iltur_cl,shared_lora_widehead,role_adapter,5,-0.01852736685133166,-0.03659954119864717,0.024466218605555867,0.2423,0.7577
legalbert,iltur_cl,category_lora,role_adapter,5,-0.004237585567302915,-0.035389955370103254,0.011386474193516793,0.2179,0.7821
legalbert,iltur_it,frozen,full_ft,5,-0.46242425166617696,-0.6021769643548239,-0.4094660830117135,0.0,1.0
legalbert,iltur_it,frozen,shared_lora,5,-0.24214999177912136,-0.32283040119689366,-0.21367092601178925,0.0,1.0
legalbert,iltur_it,frozen,shared_lora_widehead,5,-0.4384567735109999,-0.5634299642879119,-0.39450148096443644,0.0,1.0
legalbert,iltur_it,frozen,category_lora,5,-0.424285321358408,-0.5446765379223006,-0.3819846685014092,0.0,1.0
legalbert,iltur_it,frozen,role_adapter,5,-0.4166350990106078,-0.5529528870344379,-0.3699467203577783,0.0,1.0
legalbert,iltur_it,full_ft,shared_lora,5,0.22027425988705557,0.17628381543864385,0.3165741992641965,1.0,0.0
legalbert,iltur_it,full_ft,shared_lora_widehead,5,0.02396747815517708,0.009685616262227303,0.05172268660917634,0.9914,0.0086
legalbert,iltur_it,full_ft,category_lora,5,0.03813893030776894,0.026948089683293652,0.0877741076508739,0.9999,0.0001
legalbert,iltur_it,full_ft,role_adapter,5,0.045789152655569154,0.03630584097244283,0.06465881031130094,0.9944,0.0056
legalbert,iltur_it,shared_lora,shared_lora_widehead,5,-0.1963067817318785,-0.2646657384284584,-0.16511942173457667,0.0,1.0
legalbert,iltur_it,shared_lora,category_lora,5,-0.18213532957928663,-0.24538554959195996,-0.1480928655401353,0.0,1.0
legalbert,iltur_it,shared_lora,role_adapter,5,-0.1744851072314864,-0.25628356649299006,-0.1385189670978561,0.0,1.0
legalbert,iltur_it,shared_lora_widehead,category_lora,5,0.014171452152591857,0.003421779940786851,0.03447436462383768,0.9936,0.0064
legalbert,iltur_it,shared_lora_widehead,role_adapter,5,0.021821674500392074,0.005923234352633422,0.02782545199670805,0.9917,0.0083
legalbert,iltur_it,category_lora,role_adapter,5,0.007650222347800217,-0.030427021510013974,0.018222467996582004,0.7804,0.2196
deberta,legaleval,frozen,full_ft,50,-0.5163233220652796,-0.5453816949839434,-0.48184625197376196,0.0,1.0
deberta,legaleval,frozen,shared_lora,50,-0.3014376257187883,-0.32780147566393436,-0.27078485199120383,0.0,1.0
deberta,legaleval,frozen,shared_lora_widehead,50,-0.37254433476752313,-0.3984243695493015,-0.33954432459604583,0.0,1.0
deberta,legaleval,frozen,category_lora,50,-0.4501192133572207,-0.47807572537739307,-0.4142495080781272,0.0,1.0
deberta,legaleval,frozen,role_adapter,50,-0.46347351532742287,-0.491196663295354,-0.427351049715059,0.0,1.0
deberta,legaleval,full_ft,shared_lora,50,0.21488569634649135,0.18666857047641477,0.24198693406440064,1.0,0.0
deberta,legaleval,full_ft,shared_lora_widehead,50,0.1437789872977565,0.12015025918870068,0.16981527576802033,1.0,0.0
deberta,legaleval,full_ft,category_lora,50,0.06620410870805893,0.05198311807363804,0.08301482129046049,1.0,0.0
deberta,legaleval,full_ft,role_adapter,50,0.052849806737856775,0.03849550053473871,0.0691018670926186,1.0,0.0
deberta,legaleval,shared_lora,shared_lora_widehead,50,-0.07110670904873484,-0.09191224049492945,-0.04698485963077924,0.0,1.0
deberta,legaleval,shared_lora,category_lora,50,-0.14868158763843242,-0.1675870357843953,-0.12392335097582127,0.0,1.0
deberta,legaleval,shared_lora,role_adapter,50,-0.16203588960863458,-0.18289311469143202,-0.13617819838758505,0.0,1.0
deberta,legaleval,shared_lora_widehead,category_lora,50,-0.07757487858969758,-0.09545580086492698,-0.05947728609511634,0.0,1.0
deberta,legaleval,shared_lora_widehead,role_adapter,50,-0.09092918055989974,-0.10779111065975143,-0.07411183101423488,0.0,1.0
deberta,legaleval,category_lora,role_adapter,50,-0.013354301970202154,-0.021354504760694688,-0.005669952690565951,0.0025,0.9975
deberta,marro_india,frozen,full_ft,20,-0.41356261094702995,-0.4619524130222095,-0.36125409793237867,0.0,1.0
deberta,marro_india,frozen,shared_lora,20,-0.3349289585313403,-0.3645949382855959,-0.2920720055592692,0.0,1.0
deberta,marro_india,frozen,shared_lora_widehead,20,-0.3795580063358004,-0.4241908951406798,-0.3315215523800645,0.0,1.0
deberta,marro_india,frozen,category_lora,20,-0.379618885284734,-0.42761057318618256,-0.33004021075518486,0.0,1.0
deberta,marro_india,frozen,role_adapter,20,-0.38102788632489826,-0.42644908945402077,-0.3333194128809382,0.0,1.0
deberta,marro_india,full_ft,shared_lora,20,0.07863365241568965,0.05839051047879488,0.11023477357317607,1.0,0.0
deberta,marro_india,full_ft,shared_lora_widehead,20,0.03400460461122956,0.01946960759522439,0.05213327724572248,0.9999,0.0001
deberta,marro_india,full_ft,category_lora,20,0.033943725662295976,0.017142953802661683,0.050454937362550294,0.9999,0.0001
deberta,marro_india,full_ft,role_adapter,20,0.032534724622131694,0.01721784451172058,0.050223805109124484,1.0,0.0
deberta,marro_india,shared_lora,shared_lora_widehead,20,-0.04462904780446009,-0.06578628648513407,-0.03298768094267269,0.0,1.0
deberta,marro_india,shared_lora,category_lora,20,-0.04468992675339367,-0.07417834310700153,-0.027362976473074622,0.0,1.0
deberta,marro_india,shared_lora,role_adapter,20,-0.04609892779355795,-0.0706136606745375,-0.032559508568680874,0.0,1.0
deberta,marro_india,shared_lora_widehead,category_lora,20,-6.087894893358481e-05,-0.015667773871038532,0.01108943369565742,0.4876,0.5124
deberta,marro_india,shared_lora_widehead,role_adapter,20,-0.0014698799890978664,-0.014502243907859754,0.008410069229199428,0.4037,0.5963
deberta,marro_india,category_lora,role_adapter,20,-0.0014090010401642816,-0.008775313396045984,0.00881414874753627,0.3938,0.6062
deberta,marro_uk,frozen,full_ft,9,-0.3174828335155351,-0.3653812548596574,-0.2612008158549665,0.0,1.0
deberta,marro_uk,frozen,shared_lora,9,-0.1539442401632655,-0.1858404477804818,-0.12191742464793907,0.0,1.0
deberta,marro_uk,frozen,shared_lora_widehead,9,-0.2576591616818673,-0.29967121264757834,-0.22150916362584278,0.0,1.0
deberta,marro_uk,frozen,category_lora,9,-0.24192221421639612,-0.288394681502389,-0.1930621558412827,0.0,1.0
deberta,marro_uk,frozen,role_adapter,9,-0.2384400510962457,-0.29174243680846573,-0.18794520750030358,0.0,1.0
deberta,marro_uk,full_ft,shared_lora,9,0.16353859335226956,0.11488812331791848,0.19725067824948134,1.0,0.0
deberta,marro_uk,full_ft,shared_lora_widehead,9,0.05982367183366771,0.011198370449861496,0.09881212659393694,0.9909,0.0091
deberta,marro_uk,full_ft,category_lora,9,0.07556061929913893,0.016441573659973712,0.1334183322555981,0.9953,0.0047
deberta,marro_uk,full_ft,role_adapter,9,0.07904278241928936,0.02228670763981168,0.131417337100188,0.9971,0.0029
deberta,marro_uk,shared_lora,shared_lora_widehead,9,-0.10371492151860184,-0.1410311216614861,-0.07091929704940356,0.0,1.0
deberta,marro_uk,shared_lora,category_lora,9,-0.08797797405313063,-0.12060374230022243,-0.051723827079473074,0.0,1.0
deberta,marro_uk,shared_lora,role_adapter,9,-0.0844958109329802,-0.12094592395255227,-0.04823596324043632,0.0,1.0
deberta,marro_uk,shared_lora_widehead,category_lora,9,0.015736947465471218,-0.02107546075518929,0.07290154548078272,0.7517,0.2483
deberta,marro_uk,shared_lora_widehead,role_adapter,9,0.019219110585621646,-0.013398413459487335,0.07363606280930377,0.8162,0.1838
deberta,marro_uk,category_lora,role_adapter,9,0.0034821631201504277,-0.010665920367017514,0.014515992402825972,0.6811,0.3189
deberta,iltur_cl,frozen,full_ft,5,-0.3517736660468737,-0.37741544123819226,-0.300408065357329,0.0,1.0
deberta,iltur_cl,frozen,shared_lora,5,-0.21669977025117032,-0.23645769242363787,-0.15747564567720937,0.0004,0.9996
deberta,iltur_cl,frozen,shared_lora_widehead,5,-0.26983804690717506,-0.3510683960099159,-0.2237437352528996,0.0004,0.9996
deberta,iltur_cl,frozen,category_lora,5,-0.3217629924937008,-0.47392856565426,-0.26801073776806716,0.0,1.0
deberta,iltur_cl,frozen,role_adapter,5,-0.3189872338278854,-0.46763636514179696,-0.25984534570971707,0.0,1.0
deberta,iltur_cl,full_ft,shared_lora,5,0.1350738957957034,0.12908837912221244,0.15040705172096752,1.0,0.0
deberta,iltur_cl,full_ft,shared_lora_widehead,5,0.08193561913969866,0.00042335432266116246,0.1199816344386394,0.9793,0.0207
deberta,iltur_cl,full_ft,category_lora,5,0.03001067355317294,-0.14012967739514987,0.08577748997535656,0.9053,0.0947
deberta,iltur_cl,full_ft,role_adapter,5,0.032786432218988304,-0.11768038847298962,0.07998854492483443,0.9271,0.0729
deberta,iltur_cl,shared_lora,shared_lora_widehead,5,-0.053138276656004735,-0.14190803144381559,-0.030494373778770734,0.0,1.0
deberta,iltur_cl,shared_lora,category_lora,5,-0.10506322224253045,-0.2830620970752695,-0.06821613472217675,0.0,1.0
deberta,iltur_cl,shared_lora,role_adapter,5,-0.10228746357671509,-0.2567450382013895,-0.06327575707414251,0.0,1.0
deberta,iltur_cl,shared_lora_widehead,category_lora,5,-0.05192494558652572,-0.1406306323047759,-0.032371492509813415,0.0,1.0
deberta,iltur_cl,shared_lora_widehead,role_adapter,5,-0.04914918692071035,-0.11818134338261566,-0.030370202567455016,0.0,1.0
deberta,iltur_cl,category_lora,role_adapter,5,0.0027757586658153643,-0.01502221367457579,0.038770470803484836,0.6756,0.3244
deberta,iltur_it,frozen,full_ft,5,-0.49557247443195607,-0.5926453665550666,-0.4399472077444996,0.0,1.0
deberta,iltur_it,frozen,shared_lora,5,-0.27427457601501537,-0.34041888581903457,-0.24336388813128904,0.0,1.0
deberta,iltur_it,frozen,shared_lora_widehead,5,-0.30075009729275143,-0.39191502706043074,-0.26311296840374837,0.0,1.0
deberta,iltur_it,frozen,category_lora,5,-0.3454401080453151,-0.43648203208838643,-0.2886392656323663,0.0,1.0
deberta,iltur_it,frozen,role_adapter,5,-0.33614735848969585,-0.4242697399377747,-0.28328159057376123,0.0,1.0
deberta,iltur_it,full_ft,shared_lora,5,0.2212978984169407,0.18658779513706392,0.27951609258779747,1.0,0.0
deberta,iltur_it,full_ft,shared_lora_widehead,5,0.19482237713920464,0.1692820758341292,0.22928198143410583,1.0,0.0
deberta,iltur_it,full_ft,category_lora,5,0.15013236638664096,0.12475263889784716,0.20881842757198704,0.9921,0.0079
deberta,iltur_it,full_ft,role_adapter,5,0.15942511594226022,0.12956665759901465,0.21654195552991684,0.9922,0.0078
deberta,iltur_it,shared_lora,shared_lora_widehead,5,-0.026475521277736058,-0.05314401939826513,-0.014818899394160312,0.0091,0.9909
deberta,iltur_it,shared_lora,category_lora,5,-0.07116553203029974,-0.11254357502899354,-0.0392418190401605,0.0004,0.9996
deberta,iltur_it,shared_lora,role_adapter,5,-0.06187278247468048,-0.10913323522747415,-0.032313101693173085,0.0004,0.9996
deberta,iltur_it,shared_lora_widehead,category_lora,5,-0.04469001075256368,-0.06572279842160017,-0.01079228926892667,0.0103,0.9897
deberta,iltur_it,shared_lora_widehead,role_adapter,5,-0.03539726119694442,-0.06251250305165162,-0.0005119818520937791,0.019,0.981
deberta,iltur_it,category_lora,role_adapter,5,0.009292749555619262,-0.001450207453253416,0.012729332671702065,0.9647,0.0353
