method_a,method_b,point_mean_delta,ci95_low,ci95_high,p_delta_gt_0,p_delta_lt_0
frozen,full_ft,-0.3988447273557023,-0.44976417198777197,-0.35228002294898036,0.0,1.0
frozen,shared_lora,-0.30932265445523416,-0.35745838582515715,-0.26509566977620125,0.0,1.0
frozen,shared_lora_widehead,-0.3572333568886225,-0.4029791668057442,-0.31821183040738105,0.0,1.0
frozen,category_lora,-0.36952458255863124,-0.41375667229294777,-0.3291079491376877,0.0,1.0
frozen,role_adapter,-0.3715684470220133,-0.41725490987300873,-0.32999279424548156,0.0,1.0
full_ft,shared_lora,0.08952207290046822,0.051991143450140956,0.13444591015577315,1.0,0.0
full_ft,shared_lora_widehead,0.04161137046707987,0.01415624087676406,0.07315064761787651,0.9998,0.0002
full_ft,category_lora,0.029320144797071172,0.007886911439709366,0.0551505072042346,0.9966,0.0034
full_ft,role_adapter,0.027276280333689076,0.005332215561065823,0.0543912856839597,0.9932,0.0068
shared_lora,shared_lora_widehead,-0.04791070243338836,-0.07893105093389749,-0.0268836728297174,0.0,1.0
shared_lora,category_lora,-0.060201928103397064,-0.09161446895450354,-0.03528353255242111,0.0,1.0
shared_lora,role_adapter,-0.06224579256677916,-0.0923643946647644,-0.0377865782007575,0.0,1.0
shared_lora_widehead,category_lora,-0.012291225670008699,-0.026705550355836747,0.0025016965868417157,0.061,0.939
shared_lora_widehead,role_adapter,-0.014335090133390793,-0.02950422246940434,6.860341381979953e-05,0.0253,0.9747
category_lora,role_adapter,-0.0020438644633820947,-0.007157883211039007,0.0023355087439995243,0.1504,0.8496
