dataset_a,dataset_b,n_a,n_b,overlap,pct_a,pct_b
deeprhole,legaleval,9217,33758,51,0.5533253770207226,0.15107530066947095
deeprhole,legalseg,9217,1330341,878,9.525876098513615,0.06599811627244444
deeprhole,marro_india,9217,32978,9217,100.0,27.94893565407241
deeprhole,marro_uk,9217,19897,8,0.08679613757187805,0.04020706639191838
legaleval,legalseg,33758,1330341,1231,3.646543041649387,0.09253266643665045
legaleval,marro_india,33758,32978,102,0.3021506013389419,0.30929710716235065
legaleval,marro_uk,33758,19897,31,0.0918300847206588,0.15580238226868373
legalseg,marro_india,1330341,32978,3491,0.2624139224454482,10.585845108860452
legalseg,marro_uk,1330341,19897,125,0.009396087168628194,0.6282354123737247
marro_india,marro_uk,32978,19897,16,0.04851719328036873,0.08041413278383676
