dataset,split_canonical,label,count
legaleval,dev,ANALYSIS,983
legaleval,dev,ARG_PETITIONER,65
legaleval,dev,ARG_RESPONDENT,35
legaleval,dev,FAC,575
legaleval,dev,ISSUE,49
legaleval,dev,NONE,185
legaleval,dev,PREAMBLE,471
legaleval,dev,PRE_NOT_RELIED,12
legaleval,dev,PRE_RELIED,142
legaleval,dev,RATIO,68
legaleval,dev,RLC,116
legaleval,dev,RPC,83
legaleval,dev,STA,28
legaleval,test,ANALYSIS,1240
legaleval,test,ARG_PETITIONER,253
legaleval,test,ARG_RESPONDENT,82
legaleval,test,FAC,914
legaleval,test,ISSUE,43
legaleval,test,NONE,236
legaleval,test,PREAMBLE,645
legaleval,test,PRE_NOT_RELIED,1
legaleval,test,PRE_RELIED,141
legaleval,test,RATIO,129
legaleval,test,RLC,87
legaleval,test,RPC,193
legaleval,test,STA,59
legaleval,train,ANALYSIS,10331
legaleval,train,ARG_PETITIONER,1217
legaleval,train,ARG_RESPONDENT,673
legaleval,train,FAC,5539
legaleval,train,ISSUE,339
legaleval,train,NONE,1205
legaleval,train,PREAMBLE,3402
legaleval,train,PRE_NOT_RELIED,156
legaleval,train,PRE_RELIED,1318
legaleval,train,RATIO,650
legaleval,train,RLC,717
legaleval,train,RPC,920
legaleval,train,STA,456
legalseg,dev,,86612
legalseg,dev,Arguments of Petitioner,19995
legalseg,dev,Arguments of Respondent,15506
legalseg,dev,Decision,6209
legalseg,dev,Facts,50644
legalseg,dev,Issue,4147
legalseg,dev,Reasoning,63512
legalseg,test,,50749
legalseg,test,Arguments of Petitioner,13124
legalseg,test,Arguments of Respondent,9290
legalseg,test,Decision,3392
legalseg,test,Facts,24273
legalseg,test,Issue,1821
legalseg,test,Reasoning,35796
legalseg,train,,503626
legalseg,train,Arguments of Petitioner,53494
legalseg,train,Arguments of Respondent,43020
legalseg,train,Decision,14357
legalseg,train,Facts,149034
legalseg,train,Issue,11373
legalseg,train,Reasoning,170367
marro_india,dev,ARG,183
marro_india,dev,FAC,1045
marro_india,dev,PRE,199
marro_india,dev,RATIO,1932
marro_india,dev,RLC,38
marro_india,dev,RPC,54
marro_india,dev,STA,95
marro_india,test,ARG,150
marro_india,test,FAC,555
marro_india,test,PRE,388
marro_india,test,RATIO,899
marro_india,test,RLC,191
marro_india,test,RPC,103
marro_india,test,STA,280
marro_india,train,ARG,1425
marro_india,train,FAC,5234
marro_india,train,PRE,2825
marro_india,train,RATIO,15310
marro_india,train,RLC,472
marro_india,train,RPC,400
marro_india,train,STA,1200
marro_uk,dev,ARG,210
marro_uk,dev,FAC,500
marro_uk,dev,PRE,291
marro_uk,dev,RATIO,2267
marro_uk,dev,RLC,91
marro_uk,dev,RPC,23
marro_uk,dev,STA,255
marro_uk,test,ARG,40
marro_uk,test,FAC,303
marro_uk,test,PRE,169
marro_uk,test,RATIO,1536
marro_uk,test,RLC,40
marro_uk,test,RPC,11
marro_uk,test,STA,77
marro_uk,train,ARG,469
marro_uk,train,FAC,2080
marro_uk,train,PRE,1214
marro_uk,train,RATIO,8723
marro_uk,train,RLC,441
marro_uk,train,RPC,185
marro_uk,train,STA,972
