dataset,split_canonical,label,rows
iltur_cl,dev,ArgumentPetitioner,344
iltur_cl,dev,ArgumentRespondent,236
iltur_cl,dev,Fact,249
iltur_cl,dev,Issue,3
iltur_cl,dev,None,2
iltur_cl,dev,PrecedentReliedUpon,142
iltur_cl,dev,RatioOfTheDecision,288
iltur_cl,dev,RulingByLowerCourt,56
iltur_cl,dev,RulingByPresentCourt,18
iltur_cl,dev,Statute,58
iltur_cl,test,ArgumentPetitioner,130
iltur_cl,test,ArgumentRespondent,71
iltur_cl,test,Dissent,79
iltur_cl,test,Fact,245
iltur_cl,test,Issue,2
iltur_cl,test,None,1
iltur_cl,test,PrecedentNotReliedUpon,19
iltur_cl,test,PrecedentReliedUpon,237
iltur_cl,test,RatioOfTheDecision,434
iltur_cl,test,RulingByLowerCourt,23
iltur_cl,test,RulingByPresentCourt,12
iltur_cl,test,Statute,86
iltur_cl,train,ArgumentPetitioner,976
iltur_cl,train,ArgumentRespondent,996
iltur_cl,train,Dissent,284
iltur_cl,train,Fact,2979
iltur_cl,train,Issue,17
iltur_cl,train,None,53
iltur_cl,train,PrecedentNotReliedUpon,209
iltur_cl,train,PrecedentReliedUpon,1305
iltur_cl,train,RatioOfTheDecision,2856
iltur_cl,train,RulingByLowerCourt,438
iltur_cl,train,RulingByPresentCourt,113
iltur_cl,train,Statute,367
iltur_it,dev,ArgumentPetitioner,56
iltur_it,dev,ArgumentRespondent,36
iltur_it,dev,Fact,195
iltur_it,dev,Issue,12
iltur_it,dev,None,31
iltur_it,dev,PrecedentNotReliedUpon,50
iltur_it,dev,PrecedentReliedUpon,112
iltur_it,dev,RatioOfTheDecision,115
iltur_it,dev,RulingByLowerCourt,46
iltur_it,dev,RulingByPresentCourt,31
iltur_it,dev,Statute,62
iltur_it,test,ArgumentPetitioner,59
iltur_it,test,ArgumentRespondent,56
iltur_it,test,Fact,134
iltur_it,test,Issue,11
iltur_it,test,None,23
iltur_it,test,PrecedentNotReliedUpon,8
iltur_it,test,PrecedentReliedUpon,137
iltur_it,test,RatioOfTheDecision,191
iltur_it,test,RulingByLowerCourt,99
iltur_it,test,RulingByPresentCourt,25
iltur_it,test,Statute,115
iltur_it,train,ArgumentPetitioner,637
iltur_it,train,ArgumentRespondent,352
iltur_it,train,Fact,1119
iltur_it,train,Issue,90
iltur_it,train,None,244
iltur_it,train,PrecedentNotReliedUpon,360
iltur_it,train,PrecedentOverruled,3
iltur_it,train,PrecedentReliedUpon,640
iltur_it,train,RatioOfTheDecision,1445
iltur_it,train,RulingByLowerCourt,436
iltur_it,train,RulingByPresentCourt,194
iltur_it,train,Statute,732
