dataset_a,dataset_b,text_a,text_b
deeprhole,legaleval,E,(e)
deeprhole,legaleval,No,No.
deeprhole,legaleval,The appeal is allowed,The appeal is allowed.
deeprhole,legaleval,Union of India,Union of India
deeprhole,legaleval,There would be no order as to costs,There would be no order as to costs.
deeprhole,legaleval,Appeal allowed,Appeal allowed.
deeprhole,legaleval,b,b.
deeprhole,legaleval,"2)the facts so established should be consistent only with the hypothesis of the guilt of the accused, that is to say, they should not be explainable on any other hypothesis except that the accused is guilty, (3)the circumstances should be of a conclusive nature and tendency, (4)they should exclude every possible hypothesis except the one to be proved, and (5)there must be a chain of evidence so complete as not to leave any reasonable ground for the conclusion consistent with the innocence of the accused and must show that in all human probability the act must have been done by the accused","(2) the facts so established should be consistent only with the hypothesis of the guilt of the accused, that is to say, they should not be explainable on any other hypothesis except that the accused is guilty, (3) the circumstances should be of a conclusive nature and tendency, (4) they should exclude every possible hypothesis except the one to be proved, and (5) there must be a chain of evidence so complete as not to leave any reasonable ground for the conclusion consistent with the innocence of the accused and must show that in all human probability the act must have been done by the accused."""
deeprhole,legaleval,Appeals dismissed,Appeals dismissed.
deeprhole,legaleval,d,D ^
deeprhole,legaleval,No order as to costs,No order as to costs.
deeprhole,legaleval,VI,vi.
deeprhole,legaleval,v,(v)
deeprhole,legaleval,"Again,the circumstances should be of a conclusive nature and tendency and they should be such as to exclude every hypothesis but the one proposed to be proved","Again, the circumstances should be of a conclusive nature and tendency and they should be such as to exclude every hypothesis but the one proposed to be proved."
deeprhole,legaleval,a,(a) *
deeprhole,legaleval,PW-7,PW.7
deeprhole,legaleval,Appeals allowed,Appeals allowed.
deeprhole,legaleval,The appeal is dismissed,The Appeal is dismissed.
deeprhole,legaleval,The accused pleaded not guilty and claimed to be tried,The accused pleaded not guilty and claimed to be tried.
deeprhole,legaleval,Appeal dismissed,Appeal dismissed.
deeprhole,legalseg,"The question then arises,whether it is sufficient for the applicant to show that he is a person aggrieved when he makes his application or he must continue to remain a person aggrieved until such time as the rectification/removal application is finally decided","The question then arises, whether it is sufficient for the applicant to show that he is a person aggrieved when he makes his application or he must continue to remain a person aggrieved until such time as the rectification removal application is finally decided."
deeprhole,legalseg,"He may,however,take recourse to such remedy which is available with him in law including one by filing a suit or making a representation before the State","He may, however, take recourse to such remedy which is available with him in law including one by filing a suit or making a representation before the State."
deeprhole,legalseg,The courts while passing a decree for permanent injunction would avoid multiplicity of proceedings,The courts while passing a decree for permanent injunction would avoid multiplicity of proceedings.
deeprhole,legalseg,Underlined for emphasis,(underlined for emphasis)
deeprhole,legalseg,The statements of Appellant and Prabhjot Singh were noticed by the detaining authority,The statements of Appellant and Prabhjot Singh were noticed by the detaining authority.
deeprhole,legalseg,No,No.
deeprhole,legalseg,Learned counsel for the first respondent further argued that 'Infosys' is not an invented or a coined word; the said word is an abbreviation and combination of the words 'information system'; the word 'Infosys' has been used by various companies abroad as well as within India prior to incorporation of the appellant itself and hence cannot be called an invented word,Learned Counsel for the first respondent further argued that Infosys is not an invented or a coined word the said word is an abbreviation and combination of the words information system the word Infosys has been used by various companies abroad as well as within India prior to incorporation of the appellant itself and hence cannot be called an invented word.
deeprhole,legalseg,"Section 13 which occurs in Chapter III of the Act provides that subject to the provisions thereof and the other provisions of the said Act,copyright shall subsists throughout India in the following classes of works,that is to say,- (a) original literary,dramatic,musical and artistic works; (b) cinematograph films; and (c) sound recording","Section 13 which occurs in Chapter III of the Act provides that subject to the provisions thereof and the other provisions of the said Act, copyright shall subsists throughout India in the following classes of works, that is to say, (a) original literary, dramatic, musical and artistic works (b) cinematograph films and (c) sound recording."
deeprhole,legalseg,"Rule 21(3),however,of the Bombay Rules has been amended in tune with Rule 26 of the Rules","Rule 21(3), however, of the Bombay Rules has been amended in tune with Rule 26 of the Rules."
deeprhole,legalseg,"Furthermore,the civil court proceedings were over on 19.11.2004","Furthermore, the civil court proceedings were over on 19.11.2004."
deeprhole,legalseg,"Apart from it,on September 12,2005 after hearing both parties,special leave was granted by this Court","Apart from it, on September 12, 2005 after hearing both parties, special leave was granted by this Court."
deeprhole,legalseg,Copyright has nothing to do with originality or literary merit,Copyright has nothing to do with originality or literary merit.
deeprhole,legalseg,Appeals dismissed,Appeals dismissed.
deeprhole,legalseg,"Furthermore,the authorities of the DRI by a letter dated 28.02.2005 requested the Bank to defreeze the bank accounts of Appellants","Furthermore, the authorities of the DRI by a letter dated 28.02.2005 requested the Bank to defreeze the bank accounts of Appellants."
deeprhole,legalseg,"The final order of detention was preceded not only on the basis of raids conducted in various premises,recording of statements of a large number of witnesses,carrying on intensive inquiries both within India and outside India,obtaining test reports from three different laboratories but also the fact that despite notices Appellant and his associates did not cooperate with the investigating authorities","The final order of detention was preceded not only on the basis of raids conducted in various premises, recording of statements of a large number of witnesses, carrying on intensive inquiries both within India and outside India, obtaining test reports from three different laboratories but also the fact that despite notices Appellant and his associates did not cooperate with the investigating authorities."
deeprhole,legalseg,"No hard and fast rule can be laid down in this behalf but what is essential is that the detenu must show that the failure to supply the documents before the meeting of the Advisory Board had impaired or prejudiced his right,however slight or insignificant it may be","No hard and fast rule can be laid down in this behalf but what is essential is that the detenu must show that the failure to supply the documents before the meeting of the Advisory Board had impaired or prejudiced his right, however slight or insignificant it may be."
deeprhole,legalseg,"As Professor Wade points out (in Administrative Law by H.W.R. Wade, 6th Edition) there is ample room within the legal boundaries for radical differences of opinion in which neither side is unreasonable","As Professor Wade points out (in Administrative Law by H.W.R. Wade, 6th Edition) there is ample room within the legal boundaries for radical differences of opinion in which neither side is unreasonable."
deeprhole,legalseg,He contended that the IPAB erred in holding that software was a 'service' and the subject registrations were in relation to goods without considering the wide definition of 'goods' provided under Section 2(g) of The 1958 Act,He contended that the IPAB erred in holding that software was a service and the subject registrations were in relation to goods without considering the wide definition of goods provided under Section 2(g) of the 1958 Act.
deeprhole,legalseg,"It has also been said ""Rule making is normally directed toward the formulation of requirements having a general application to all members of a broadly identifiable class"" while, ""an adjudication, on the other hand, applies to specific individuals or situations","It has also been said Rule making is normally directed toward the formulation of requirements having a general application to all members of a broadly identifiable class while, an adjudication, on the other hand, applies to specific individuals or situations."
deeprhole,legalseg,"In the present case,the appellant is engaged in the manufacture and sale of cigarettes","In the present case, the appellant is engaged in the manufacture and sale of cigarettes."
legaleval,legalseg,"If the prosecution fails to prove the foundational facts so as to attract the rigours of Section 35 of the Act, the actus reus which is possession of contraband by the accused cannot be said to have been established.","If the prosecution fails to prove the foundational facts so as to attract the rigours of Section 35 of the Act, the actus reus which is possession of contraband by the accused cannot be said to have been established."
legaleval,legalseg,"It also made it possible for the Company to get financial assistance from the, Government if there be need.",It also made it possible for the Company to get financial assistance from the Government if there be need.
legaleval,legalseg,No.,No.
legaleval,legalseg,The learned Judges of the High Court in holding the above provision.,The learned Judges of the High Court in holding the above provision.
legaleval,legalseg,"In view of this, question of correctness of the order of rectification passed by the Assessing Officer becomes unimportant.","In view of this, question of correctness of the order of rectification passed by the Assessing Officer becomes unimportant."
legaleval,legalseg,"In plain English, the transferee purchases the share of each of his brothers.","In plain English, the transferee purchases the share of each of his brothers."
legaleval,legalseg,"It is possible that the same question of law may involve different approaches for its solution, and the High Court may amplify the question to take in all the approaches.","It is possible that the same question of law may involve different approaches for its solution, and the High Court may amplify the question to take in all the approaches."
legaleval,legalseg,"The mere tenement as it stands, without furniture, etc., would be almost useless for entertainments.","The mere tenement as it stands, without furniture etc. would be almost useless for entertainments."
legaleval,legalseg,"' ""12.",12 .
legaleval,legalseg,6. What order or decree?,(6) What Order or Decree??
legaleval,legalseg,"The point for our consideration is-can the assessing authority, purporting to act under s. 10(2)(b) of the Act, assess the amount of tax due from a dealer more or less arbitrarily or without basing the assessment on any materials whatsoever ?","The point for our consideration is can the assessing authority, purporting to act under S. 10 (2) (b) of the Act, assess the amount of tax due from a dealer more or less arbitrarily or without basing the assessment on any materials whatsoever?"
legaleval,legalseg,That termination facilitated the Company to enter into collaboration with Leylands.,That termination facilitated the Company to enter into collaboration with Leylands.
legaleval,legalseg,"At the same time, it provides that such residuary power shall include the power of making any law imposing a tax not mentioned in either of those lists.","At the same time, it provides that such residuary power shall include the power of making any law imposing a tax not mentioned in either of those Lists."
legaleval,legalseg,Restrictions and conditions in regard to tax on sale or purchase of declared goods within a State :,Restrictions and conditions in regard to tax on sale or purchase of declared goods within a State.
legaleval,legalseg,"Dipak Misra, CJI","Dipak Misra, CJI"
legaleval,legalseg,Learned senior counsel finally submitted that the appellant is in jail since last about eight years and eight months and the delay is on account of the prolonged time taken by the investigation agencies and the appellant herein has a good prima facie case to succeed for grant of bail before this Court.,Learned senior counsel finally submitted that the appellant is in jail since last about eight years and eight months and the delay is on account of the prolonged time taken by the investigation agencies and the appellant herein has a good prima facie case to succeed for grant of bail before this Court.
legaleval,legalseg,(emphasis supplied) 12.,(emphasis supplied)12.
legaleval,legalseg,02,02.
legaleval,legalseg,The respondent will pay the costs of the appellant here and in the Court below.,The respondent will pay the costs of the appellant here and in the court below.
legaleval,legalseg,"The Assessing Officer thereafter passed an order dated 25th March, 2010 of rectification to give effect to a retrospective amendment in Section 115JB of the Act.","The Assessing Officer thereafter passed an order dated 25th March, 2010 of rectification to give effect to a retrospective amendment in Section 115JB of the Act."
